x,y
0.60549,0.65405
0.32479,-0.33270
-0.37637,-0.14723
0.54350,-0.38018
0.83580,0.03310
0.61484,0.54063
0.16867,-0.33597
-0.39499,-0.76498
-0.60385,0.47098
-0.04424,-0.88569
0.02691,0.60674
0.94380,-0.79017
0.87066,0.27389
-0.96484,-0.68043
0.83445,-0.46395
-0.94257,-0.89459
-0.93509,-0.67461
-0.45025,-0.84466
-0.89799,0.23062
-0.04042,0.84642
-0.09790,-0.13911
-0.86264,0.59233
0.02129,-0.67655
-0.47999,-0.99793
-0.98745,0.56883
0.22838,-0.19878
0.36977,-0.62801
0.03043,-0.20813
0.64287,0.75771
-0.31132,0.80413
-0.45386,0.74440
-0.18209,-0.04791
-0.00955,0.44207
0.13968,-0.04666
-0.89547,-0.43076
0.09195,-0.33992
-0.57790,-0.09503
-0.36142,-0.26068
-0.62010,0.80955
-0.45150,0.41172
-0.30989,-0.24306
0.43615,0.22185
-0.07650,-0.23314
-0.84565,-0.48343
-0.42539,-0.87152
-0.49414,0.53585
0.01705,-0.52077
0.01934,0.04268
-0.03898,-0.26931
-0.41820,-0.63560
0.93126,-0.27905
0.15281,-0.50208
-0.61767,-0.64681
0.94670,0.60034
0.60106,-0.31555
0.29324,0.65028
0.40798,-0.07060
-0.23335,0.48542
-0.50409,-0.93389
-0.45053,-0.12907
-0.40551,-0.47009
0.78656,-0.59150
0.28369,-0.57805
-0.64583,-0.30628
0.83011,-0.38497
-0.23363,0.02631
-0.83976,0.27630
-0.85742,0.87325
-0.19641,0.07521
-0.99670,-0.87008
0.67427,0.35013
0.41118,-0.97158
-0.20538,0.90871
0.07576,-0.62943
-0.13205,-0.14310
-0.90253,0.14189
-0.69029,-0.49178
-0.65492,0.34034
0.27635,-0.12139
-0.16785,-0.43696
0.70009,0.09847
-0.08878,0.82899
-0.04694,-0.84927
0.60107,-0.04972
0.41185,0.86415
0.62903,-0.26564
0.74207,0.17189
0.11810,0.44400
0.59558,-0.01234
-0.52217,-0.22953
-0.15975,0.48407
0.55850,-0.21599
-0.13086,-0.18399
0.16886,0.86760
-0.79985,-0.77670
-0.09347,-0.91837
0.37304,-0.13765
-0.93468,-0.55563
-0.37550,0.61685
0.28984,0.48599
0.29787,0.68966
-0.31992,0.01488
-0.14108,-0.33005
0.61417,0.32916
-0.30512,-0.33996
-0.77156,-0.68941
-0.53298,0.02724
0.04032,-0.14636
-0.98440,0.79313
0.95762,0.24439
0.15165,-0.58682
-0.47841,0.14299
0.38882,0.38730
-0.18143,0.92234
0.37539,-0.80598
0.84550,-0.01214
0.84952,-0.38125
0.50160,0.23483
0.95867,-0.86129
-0.80191,0.22121
-0.38907,-0.87521
-0.35962,-0.40472
-0.72315,0.22252
-0.30340,0.43833
0.54123,-0.78565
0.12834,0.47275
0.79526,-0.45416
-0.96420,-0.38719
0.86350,-0.99391
-0.94794,-0.70581
-0.41602,-0.35909
-0.06436,-0.71190
-0.70484,0.77961
-0.52521,0.87155
-0.14923,0.67890
-0.50611,-0.55529
-0.61508,0.16735
0.30848,0.19876
0.65012,-0.98925
-0.37691,-0.68171
0.65498,-0.02302
-0.35242,0.55832
0.04065,-0.48874
-0.19983,0.06859
-0.88834,0.16183
-0.81167,-0.87023
-0.09312,-0.91109
-0.83735,0.50849
-0.23988,0.53202
0.41032,-0.20865
0.96305,-0.87980
0.29473,0.00070
0.17638,0.84174
0.21756,0.79395
-0.02743,0.71108
0.51866,0.58407
0.05526,0.08896
-0.64220,-0.46361
-0.71300,0.99876
0.15315,-0.94518
0.55925,-0.24356
0.27029,0.02027
-0.43810,-0.10963
0.06861,0.52491
0.09700,-0.86888
0.91805,0.39059
0.38084,0.34581
0.53854,0.42031
-0.09232,0.30851
0.35545,-0.29419
-0.79338,0.15426
0.16617,-0.39779
-0.35111,-0.57072
0.58032,-0.08185
0.99265,0.36132
0.31054,0.62269
-0.02622,-0.97271
0.32633,0.71128
-0.74115,-0.33633
-0.94993,-0.86159
0.44377,-0.15102
-0.51193,0.43092
0.53196,0.90107
0.62311,-0.88441
0.86999,-0.89887
-0.71905,0.64938
0.28963,0.99576
-0.25959,-0.16223
-0.71869,0.97141
-0.95432,0.53661
-0.23494,-0.68415
-0.49158,0.48241
0.10617,-0.92189
-0.88166,0.11568
-0.39460,0.82566
-0.70933,-0.62409
-0.15523,0.84830
0.35983,0.55104
-0.36974,-0.59149
-0.84591,0.01224
0.81077,-0.96085
-0.55587,-0.51424
0.18287,0.13140
-0.69573,-0.01833
-0.37959,0.25420
0.03719,-0.07130
-0.81130,-0.26924
0.95786,0.93568
-0.82792,-0.29145
-0.34025,0.58875
-0.51023,0.69705
-0.54612,-0.49391
0.42025,0.63502
0.00477,0.40262
-0.37570,0.32099
0.75958,0.81737
-0.10806,0.91097
0.14394,-0.16167
-0.02504,0.71821
-0.07539,-0.58064
0.10958,-0.98929
0.84088,0.89486
0.29517,0.51863
0.96250,-0.91100
-0.55329,0.62064
0.89968,-0.89445
-0.10102,0.83095
-0.75678,0.92371
0.32562,-0.79535
-0.68214,0.36199
0.13519,-0.91020
-0.82893,-0.37627
0.42127,0.05386
0.52181,-0.32732
0.53265,-0.82163
-0.28147,0.39071
-0.77939,0.71937
-0.09458,-0.13882
0.08029,-0.90079
-0.62321,-0.45588
-0.99156,0.38484
-0.57822,-0.42695
0.19741,0.06746
0.15827,-0.46961
0.23129,-0.41921
-0.12006,-0.94207
0.09125,0.03483
0.34199,0.49729
-0.13047,0.44395
-0.06874,0.10493
-0.52525,0.71529
0.71474,0.55901
-0.20422,0.11083
0.81578,0.48486
-0.76598,-0.60901
-0.30696,0.36529
0.62117,-0.59919
-0.15010,0.84341
0.49979,-0.38173
0.11181,0.70636
0.87196,-0.49997
0.50630,-0.26492
-0.97349,-0.81050
-0.02508,0.47679
-0.15255,0.74671
-0.78211,0.03432
0.62152,-0.45505
-0.90937,-0.85149
-0.75409,0.79528
-0.82012,-0.98498
0.45319,0.50959
-0.09239,-0.22865
-0.61036,-0.79523
0.78396,0.55953
-0.32843,0.17444
-0.13209,-0.05477
-0.17986,-0.79435
0.35638,0.55119
0.08408,0.06926
0.37148,-0.14317
0.41801,0.15794
0.21895,-0.89293
-0.61927,0.57874
-0.67767,0.80863
-0.67848,-0.94998
0.18999,0.41246
-0.37554,-0.28168
0.03268,0.68217
0.77028,-0.73715
0.36514,0.85833
-0.21569,0.90420
-0.41698,0.44694
0.63998,0.66020
-0.20159,0.38064
0.76772,0.11696
0.27045,-0.20857
0.48305,0.61149
0.57528,-0.09530
0.90204,0.02844
-0.98815,-0.88567
-0.76023,-0.87278
-0.16109,-0.97699
0.59792,-0.26193
0.00833,-0.86804
0.21644,-0.55271
0.56145,-0.65396
-0.74621,0.75281
-0.11505,0.64809
-0.01010,0.07977
-0.72260,0.75395
-0.87184,0.31486
0.35387,-0.47610
0.55808,-0.48380
0.21546,0.73953
-0.56660,-0.05909
-0.22205,0.09047
0.92127,-0.96797
-0.27968,0.61346
0.92109,0.98074
0.93835,0.05862
-0.67287,0.59116
-0.09689,0.79112
0.41255,-0.52845
-0.26780,0.64615
0.08204,0.32806
-0.25955,0.40317
-0.40246,-0.01333
-0.07563,-0.31101
-0.78306,-0.08180
-0.19669,-0.85564
0.95976,0.10624
0.28972,-0.01629
0.10430,-0.39410
0.22465,0.71948
-0.49253,0.87497
0.57912,0.88711
0.48957,-0.81135
0.98723,-0.62585
-0.51746,-0.57455
-0.55172,-0.38236
-0.16718,-0.85041
0.21013,0.64267
0.55991,-0.56458
-0.79070,0.45090
0.60355,-0.37906
0.59254,0.69342
-0.49814,-0.31746
-0.69749,-0.96634
0.42883,0.10520
0.52150,-0.39057
0.99686,0.78386
0.62847,0.48269
0.05388,0.62817
0.86189,0.44073
-0.66232,0.67249
-0.35613,-0.06066
-0.79933,-0.43116
0.27897,-0.96674
0.93322,-0.74559
-0.14429,0.77859
-0.89302,-0.83975
0.62092,-0.21580
0.32211,-0.90711
-0.69000,-0.50251
0.00503,-0.52467
0.24529,-0.50323
-0.08771,-0.20827
0.74668,0.30391
-0.15818,-0.97752
-0.93307,0.64447
-0.39027,-0.32902
-0.21219,0.02960
-0.95340,-0.45470
0.65980,0.91556
-0.34869,0.82916
-0.62405,-0.33863
-0.95816,0.38886
-0.51172,-0.43174
0.88046,-0.97917
-0.62675,-0.26329
0.04577,-0.62392
-0.89757,-0.00980
0.59010,0.93417
0.76475,-0.22557
0.32629,-0.89065
-0.65309,-0.70263
-0.35004,0.17248
-0.53679,-0.20067
-0.42694,0.82100
-0.82064,0.10038
-0.38437,0.04456
-0.68797,0.26208
0.89435,0.07155
0.77238,-0.50366
-0.39040,-0.79425
-0.47308,0.45568
-0.58309,-0.39481
0.48933,0.83652
0.78879,0.22138
-0.32599,-0.80533
0.27162,0.99719
-0.08068,-0.03191
-0.82573,0.69662
-0.45449,-0.33686
-0.30666,0.03048
0.37618,0.09593
-0.31454,-0.32906
0.89892,0.77850
0.21450,0.32511
0.78367,0.43233
0.70854,-0.66302
0.87979,0.71205
-0.18154,0.15661
-0.91580,-0.66197
0.63393,0.52808
-0.96862,0.32754
-0.56577,0.93415
-0.38704,0.43763
-0.78051,0.90261
0.00411,-0.16505
-0.65682,-0.56113
-0.76669,0.31846
-0.59174,0.98690
-0.84738,-0.89831
0.63822,-0.17239
0.81164,0.03940
0.58044,-0.54334
0.39641,0.35112
-0.98438,0.27016
0.63838,-0.51210
0.17270,0.55492
0.69208,0.52538
0.27689,-0.04497
0.66826,0.66554
-0.08694,-0.98344
-0.28078,0.06593
-0.04396,0.98269
-0.55294,0.77752
-0.95997,0.93841
-0.21567,-0.49713
-0.49065,0.04793
-0.53788,-0.94486
-0.39431,0.05984
-0.71121,-0.29473
0.39954,0.46588
0.18638,0.80975
-0.57694,-0.42473
-0.23732,0.66553
0.99782,-0.09668
0.64739,0.99351
-0.51739,-0.85876
-0.04372,-0.55236
-0.63141,0.38533
-0.74612,-0.62449
0.58873,0.69092
-0.80769,0.42379
0.04964,0.52477
-0.49455,0.45891
-0.98424,-0.90034
-0.82938,-0.73642
-0.48333,-0.65684
0.91755,-0.15877
-0.55287,-0.37077
0.06292,0.00590
-0.98959,-0.40063
-0.37593,0.44648
0.17964,0.65449
-0.51823,-0.32403
-0.78137,-0.43348
0.96831,-0.31007
-0.34757,0.94175
0.10053,0.62255
0.13341,0.71654
0.46227,-0.56287
-0.51822,-0.68823
0.84887,-0.84585
0.18467,-0.16944
-0.06050,0.34633
-0.38514,-0.51336
0.34427,-0.98513
0.38281,-0.62198
0.52827,-0.91121
-0.39520,-0.02899
0.54380,-0.28547
-0.95961,0.08942
0.68176,-0.75341
0.08661,-0.93863
0.78778,0.11381
0.56603,0.41336
0.20419,0.22463
-0.60101,0.00636
0.05268,-0.40288
-0.34369,0.57342
0.47124,0.30866
0.17970,0.68880
-0.43825,-0.53910
0.57395,0.38107
0.98352,0.42594
-0.54268,0.72767
0.15097,0.35228
0.13701,-0.84717
0.22829,0.72905
-0.80762,0.55157
0.74076,-0.53105
0.45856,-0.45759
-0.86941,-0.34522
0.01368,-0.00910
0.73671,-0.35761
-0.81021,-0.09715
-0.33064,0.81619
0.29912,-0.51273
-0.94180,-0.82832
-0.55019,-0.25184
0.80212,0.81700
-0.78948,-0.00112
0.74874,0.56691
-0.18142,-0.18800
-0.16765,0.65938
-0.18286,0.54113
0.56457,-0.92211
-0.82114,0.02496
0.04145,-0.90355
-0.07280,-0.51006
-0.97741,0.93106
0.97622,-0.13202
0.61563,0.29371
-0.26510,-0.66582
-0.57229,-0.42645
0.05783,-0.24040
-0.70315,0.79639
0.17792,-0.15498
-0.41630,-0.26154
0.70967,0.92583
-0.01933,-0.26163
0.65694,0.48459
0.24947,0.16934
0.79105,-0.43820
0.51367,0.39897
-0.37110,-0.66084
0.07021,0.87763
-0.96148,0.78271
-0.09384,0.90017
-0.03734,-0.33612
0.38327,0.11991
0.40923,-0.12229
0.44321,0.95925
0.14495,0.98932
-0.74913,0.45386
0.39962,0.46457
0.73389,-0.86171
-0.97337,-0.61843
0.81431,-0.55483
-0.79364,-0.19384
-0.09567,0.45072
-0.98124,0.82563
-0.80486,-0.74793
-0.06418,0.25081
-0.30963,-0.60111
0.79226,-0.20159
-0.24945,-0.71421
0.73193,0.52438
-0.25411,-0.93829
0.75989,0.92832
-0.51109,0.08027
-0.67024,-0.95634
-0.11294,-0.53917
0.09665,0.55628
-0.64836,-0.75608
0.48964,-0.36581
-0.03733,0.11429
-0.30611,-0.99686
0.72154,0.58022
-0.23960,-0.71006
0.54381,-0.92485
-0.10510,-0.35106
0.88501,-0.66183
0.56978,0.93958
0.03958,-0.85253
-0.10708,0.57613
-0.46792,-0.16879
0.00675,0.80523
-0.56485,-0.08876
0.69646,0.02725
0.07711,0.52371
0.06068,-0.36886
0.26568,0.00217
-0.67715,-0.21898
-0.21388,0.02242
-0.90265,0.13052
-0.04256,-0.90970
-0.67585,-0.52034
0.86460,0.62050
0.76157,0.23257
0.08969,-0.95132
0.66970,0.00291
0.80639,-0.19652
0.37514,-0.83152
-0.98857,0.91833
0.36798,0.77557
0.02839,-0.78358
0.93013,0.34168
0.53008,-0.17080
0.92504,-0.25934
0.62261,-0.61708
-0.75232,-0.38554
-0.99477,-0.62471
0.35517,-0.87312
-0.21766,0.81073
-0.66169,0.53864
-0.46767,0.73236
0.37671,0.01904
0.13496,-0.85699
-0.36870,-0.27445
0.76184,0.72278
0.01066,0.71567
0.25719,0.41960
-0.22247,-0.33369
-0.94523,-0.91474
-0.02838,0.79385
-0.75991,-0.85227
0.69718,-0.46707
0.88236,-0.40722
-0.84239,-0.60263
-0.96766,0.96115
0.64868,-0.18281
-0.60989,-0.69607
-0.84591,-0.21370
-0.26089,0.55129
-0.70089,-0.02769
0.24155,-0.50477
-0.24759,-0.77465
-0.98571,-0.64976
-0.07428,-0.94627
0.23353,0.98330
-0.86270,0.27722
-0.63888,-0.19543
0.45500,-0.47686
0.80915,-0.79122
0.28515,0.69065
-0.36218,0.65586
-0.25374,-0.72040
-0.26158,0.26694
-0.72234,0.77774
-0.38072,0.23824
0.85069,0.53627
0.70111,-0.00535
-0.58031,-0.60157
-0.66937,0.60423
0.46725,0.22962
0.37339,0.18491
0.36387,-0.69601
0.74442,-0.92640
-0.84198,-0.03231
-0.76041,0.63219
0.37160,0.65191
-0.43893,-0.54554
0.23385,-0.91623
0.76912,0.02941
-0.39339,-0.28931
0.79483,-0.10910
-0.16985,0.71703
-0.70897,-0.21621
0.25692,-0.45730
0.99702,0.80969
-0.34051,0.97196
-0.67731,0.88156
0.84646,-0.96287
-0.62548,-0.55513
0.14560,-0.72160
-0.35466,-0.32307
0.79423,-0.57902
-0.84083,-0.52251
-0.61226,-0.25365
0.88110,-0.70011
0.29804,0.55360
-0.77572,-0.54590
0.20452,-0.25861
-0.97921,0.65138
-0.31724,-0.84363
-0.29348,0.04412
-0.14428,-0.64025
0.90285,-0.58815
0.69047,0.33725
0.57280,-0.01479
0.48524,-0.15222
0.03966,-0.78961
-0.53516,0.11277
0.59121,0.51798
-0.10785,0.38892
-0.81619,-0.06175
0.97698,0.75328
0.10652,0.89997
0.11069,0.40106
-0.99710,0.27058
0.01823,-0.16461
0.93789,-0.07011
-0.04822,0.11848
-0.58155,0.43819
0.34302,-0.52886
-0.19699,0.67950
0.85952,0.14623
-0.02184,0.96998
0.79932,0.50797
-0.60056,-0.20984
0.21028,0.60222
-0.63904,-0.53944
0.45556,-0.12208
0.80121,0.64282
0.41059,-0.01458
-0.93469,0.55179
-0.69713,0.49878
-0.50605,-0.52379
0.14289,-0.13261
-0.71707,0.54708
-0.34036,-0.18217
0.36419,-0.66282
0.34209,0.61319
0.49163,-0.68773
0.94455,-0.39466
-0.59203,-0.32305
0.59871,0.32309
-0.59105,-0.19505
-0.88629,-0.94513
0.17194,0.30079
-0.67374,-0.98534
-0.48987,-0.58221
0.08432,0.13296
0.35859,-0.31400
-0.39461,0.75467
0.65758,0.17818
0.68363,0.34756
-0.59457,0.36425
-0.92287,0.03815
-0.36994,-0.97731
-0.54308,0.98887
-0.39566,-0.08579
-0.73540,-0.12828
0.51449,-0.16856
0.31992,0.46791
-0.08930,0.41662
0.08516,-0.99402
0.17923,0.24431
0.18549,-0.51574
0.06173,-0.84611
0.93022,-0.13069
-0.90690,-0.38897
-0.37589,-0.13696
0.80002,-0.15365
-0.37384,-0.47227
0.13411,-0.68570
0.29995,-0.79708
-0.40653,0.47493
-0.54465,-0.69434
0.85081,-0.11692
-0.51474,-0.84418
-0.14516,0.50210
-0.28722,0.64431
-0.63279,0.03281
0.46030,0.88431
-0.79642,0.06058
-0.41054,0.72008
0.41311,0.21722
0.03933,0.09886
0.57632,-0.29418
-0.10830,-0.55691
-0.27294,-0.92900
-0.08548,-0.22114
0.46060,0.00267
-0.74389,-0.23834
0.83053,0.63557
0.75644,0.69448
0.51048,-0.59072
-0.58107,0.08035
-0.63603,-0.60623
-0.44592,-0.67731
-0.31269,-0.51614
0.47680,-0.81671
-0.94827,0.77219
-0.21904,0.73734
0.02156,0.81874
-0.74252,-0.37216
-0.50560,-0.37757
0.79749,0.99154
0.54069,-0.38368
-0.87142,-0.15932
-0.20416,0.49389
-0.63331,-0.59581
-0.27333,0.96470
0.31084,0.45410
-0.62355,-0.91169
0.23915,-0.84535
-0.90700,0.29960
-0.65642,-0.48859
-0.24724,-0.78124
0.09522,0.14483
-0.76735,-0.25479
0.79365,-0.72613
0.69322,-0.97133
0.84010,-0.37339
0.46815,-0.27318
0.85462,0.67732
-0.18974,-0.68660
0.64792,-0.46231
0.68799,-0.61753
0.21693,0.24753
0.40273,-0.15036
0.74138,-0.41463
-0.30148,0.45651
0.10869,-0.48721
-0.69299,-0.96683
0.75199,0.89971
-0.19861,-0.46584
0.99700,0.32862
-0.61015,-0.18930
-0.22015,-0.66620
0.37617,0.90072
0.96346,0.20775
0.74935,0.52345
0.66015,-0.67810
-0.18669,0.81101
0.09159,-0.56252
-0.28386,0.09636
0.03460,-0.78931
-0.44129,-0.04616
-0.72136,-0.90079
0.42921,-0.24770
0.98583,-0.71093
0.74673,-0.14438
-0.61913,-0.35271
-0.68246,0.59699
-0.52746,-0.03757
0.84550,-0.08914
-0.48544,-0.88592
-0.66862,-0.97173
-0.76920,0.00260
0.28454,0.01097
-0.86527,0.34142
0.96252,0.72127
-0.16043,-0.58047
-0.38514,0.22318
-0.41411,-0.23627
0.05281,0.77181
-0.99849,-0.40347
-0.71995,0.20017
-0.94142,0.22966
-0.78765,0.08833
0.56514,0.24735
0.88216,-0.07055
-0.99320,0.90454
0.68287,-0.78006
0.71156,0.08572
0.93403,-0.33804
-0.50036,0.14716
0.37525,-0.07878
-0.68057,0.95008
0.52353,0.99857
-0.08102,0.54851
-0.00347,0.75736
-0.19087,-0.68118
-0.88551,0.25125
-0.03960,-0.79685
0.42046,0.21823
-0.02504,-0.99682
0.98756,0.13756
-0.18522,0.42665
-0.48759,0.83580
0.39482,-0.85759
0.32783,-0.44557
0.97606,-0.23711
-0.52911,0.21750
-0.15362,-0.11278
-0.04569,-0.02067
0.20740,0.31654
-0.74602,-0.16789
-0.48018,-0.81288
-0.18628,0.04803
-0.44216,-0.87748
-0.55924,-0.08991
0.47055,-0.43823
0.26287,-0.89507
-0.27299,-0.11203
0.88142,0.67171
0.63650,-0.57169
0.20376,0.42455
-0.47471,0.59241
-0.72273,0.87138
0.17159,-0.13138
-0.50748,-0.04041
0.47563,-0.16845
-0.38766,0.93989
0.96251,-0.48624
-0.95931,0.28509
0.83014,-0.51411
-0.06108,-0.30796
0.91867,-0.40566
0.06920,-0.30667
0.62219,0.26263
-0.39194,0.56738
-0.79899,0.67149
0.50529,0.29179
0.91515,0.29167
0.17023,-0.50264
-0.07775,0.71227
-0.14250,-0.26349
-0.12305,-0.31936
-0.38306,0.79704
-0.82586,-0.07199
0.58895,-0.60568
-0.81368,0.87755
-0.37469,0.64468
-0.63917,-0.00425
-0.65620,0.62054
0.78120,0.44603
-0.59597,-0.81183
0.01813,-0.60485
0.44539,-0.44124
-0.55066,-0.68630
-0.75534,0.39817
-0.87105,-0.84279
0.02938,-0.84788
-0.13639,-0.07062
-0.99815,-0.10544
0.23038,-0.78568
0.70378,-0.13165
-0.08645,0.08280
0.37251,-0.35764
0.73672,-0.92042
-0.95623,-0.60992
-0.78618,-0.67203
0.37233,0.72948
0.82916,0.04615
0.96117,-0.60850
0.06421,-0.17608
0.97704,-0.98825
0.58482,0.31882
-0.12337,0.04723
0.52191,0.16014
-0.82606,-0.15557
0.36176,-0.24657
-0.31504,0.20731
0.94079,0.64549
-0.62468,0.60662
-0.84171,0.34181
0.39099,-0.04561
0.33230,0.46591
-0.86319,0.91282
-0.88383,-0.66244
-0.29338,-0.96530
0.49926,0.35255
0.56627,-0.81295
0.83061,0.60911
-0.54627,-0.92035
0.18974,-0.93433
0.71195,-0.39715
0.98001,-0.70277
0.90795,0.30831
0.25750,0.00759
-0.43425,0.48159
0.31244,-0.15843
-0.04716,-0.71117
-0.56500,0.86356
0.57548,-0.28802
-0.34693,-0.10928
0.52149,-0.31385
-0.45630,-0.81895
-0.01111,0.47791
0.94082,-0.31069
0.53463,0.13032
-0.29803,0.36896
0.57002,-0.21306
0.12093,-0.77626
0.14475,-0.44208
0.85304,0.99742
0.26549,0.33741
-0.47586,0.40345
0.39017,-0.24929
-0.66689,0.46748
0.92221,0.70160
-0.18477,0.09999
-0.29028,0.62625
0.52601,0.00681
-0.89599,-0.50025
0.72336,0.46239
-0.06415,-0.11888
0.62370,0.12045
0.74525,-0.73475
0.33750,0.17980
-0.53002,-0.14863
-0.29904,0.29583
-0.06031,0.96123
-0.43911,-0.66531
-0.85034,0.97867
-0.04727,-0.99026
-0.92493,0.57161
0.28511,-0.63280
0.45181,0.06873
-0.41648,-0.20057
0.55273,0.38225
-0.05720,0.06639
-0.11638,-0.77535
0.83033,0.28713
0.08977,0.67787
0.75789,-0.72823
-0.06820,-0.97708
0.74532,0.88777
0.57774,-0.76355
-0.75967,-0.01227
0.45836,0.44003
-0.44269,0.07841
0.54253,0.86636
0.24489,0.73671
-0.95702,0.25278
0.29348,-0.75765
-0.34636,-0.95551
0.63855,-0.26003
0.66154,0.67263
-0.60666,-0.11099
0.26815,0.99083
0.23556,0.08252
-0.54604,-0.40791
0.41499,-0.93369
0.86494,0.85509
0.63774,0.17501
0.18182,-0.72042
0.49991,-0.36276
-0.55358,-0.98631
-0.00786,-0.28023
0.51705,0.39544
-0.42877,0.28088
-0.83055,0.96454
-0.85250,0.96452
0.69661,0.24860
0.76344,0.91571
-0.45416,0.72634
0.21503,-0.06084
0.19717,-0.82152
-0.81282,-0.74247
-0.95643,-0.87415
0.12858,0.41324
-0.73981,-0.34602
0.24615,0.99027
0.05751,0.16174
-0.77591,-0.62900
0.70353,-0.82480
-0.54602,0.10612
0.19816,-0.85195
0.31711,-0.20115
0.55860,-0.99652
-0.50787,0.78205
0.70469,0.20860
0.68192,-0.80247
-0.49276,0.89031
-0.50138,0.29666
0.94561,-0.56311
-0.14010,-0.42273
-0.27600,0.20886
-0.04146,0.36479
-0.46258,0.80065
-0.90743,-0.67842
-0.46848,0.32436
-0.03982,-0.65296
0.21310,-0.11168
0.30737,-0.36441
0.63276,0.70863
0.09837,0.78009
0.66069,-0.91905
0.32646,0.46854
0.44304,0.12347
-0.83990,-0.36678
-0.78246,-0.09109
-0.40225,-0.51107
-0.02462,-0.73498
-0.74499,-0.73772
-0.64092,-0.61456
0.92946,-0.00383
0.77208,0.42641
-0.50173,0.17582
0.04377,0.34464
0.89501,-0.94969
-0.56109,0.72989
0.00392,-0.53942
-0.78677,-0.14739
-0.11930,-0.16431
0.10027,-0.04169
0.31180,0.30071
0.19922,0.35409
-0.83010,-0.76342
-0.20265,0.94478
0.69313,-0.99952
-0.17772,-0.23354
0.37503,0.35338
0.31795,0.71014
0.00667,-0.53252
-0.82062,0.73631
0.10891,-0.08782
-0.76875,0.17266
-0.67011,-0.84965
0.79555,-0.78761
-0.66949,0.70386
-0.55869,0.60319
0.83053,0.27968
0.05661,-0.92424
0.73857,0.95912
-0.36687,0.28705
0.15684,0.64312
-0.51293,-0.56615
0.01423,0.23649
0.05578,0.38801
-0.09688,0.73067
-0.08569,-0.23081
0.88324,0.64321
-0.59320,0.57042
-0.91395,-0.42105
0.03812,0.72286
0.61936,0.56147
0.94606,0.23478
0.46333,-0.56057
0.48153,-0.20253
-0.23000,0.92720
-0.38711,-0.25979
0.67497,0.98948
-0.71128,0.93139
-0.05699,-0.42456
0.40928,0.73510
-0.78518,-0.27313
0.64773,-0.96776
-0.48562,0.62029
-0.51406,0.84426
0.40926,-0.17580
-0.88972,0.04138
0.13940,0.03714
0.32110,-0.69213
-0.43572,0.54135
-0.13313,0.31482
-0.39268,0.09383
-0.94745,-0.65098
0.05153,-0.74692
-0.95447,-0.38678
-0.38419,-0.77446
-0.13349,0.21533
-0.00446,0.80772
-0.03527,0.51307
-0.91129,-0.47675
-0.75963,-0.52127
0.54422,-0.92672
0.98715,0.63159
0.22567,0.70250
-0.05876,-0.27007
0.68651,-0.77520
-0.02212,0.82349
0.67768,-0.34211
0.24009,-0.96223
-0.38115,0.47891
0.12502,0.93149
0.67112,0.73583
0.00918,0.92339
0.87491,-0.21412
0.80010,0.59306
0.04737,0.25679
-0.77918,0.95047
-0.47637,-0.67897
-0.52377,0.39713
0.65041,0.54741
-0.01273,0.39615
0.07513,-0.09156
-0.96389,0.49380
-0.42594,0.96041
0.92124,0.92528
-0.27406,-0.51936
0.33772,0.44029
0.86112,0.98115
0.60456,-0.61398
-0.32241,0.95477
-0.62607,0.54595
-0.70669,-0.69844
-0.37605,0.54235
0.81769,0.76907
-0.27816,-0.37028
-0.97848,0.20039
0.10998,-0.40402
-0.13861,0.68531
-0.56730,-0.70531
0.12247,-0.23445
0.69280,-0.34800
0.30913,-0.60042
0.27004,-0.60765
0.44428,-0.20442
0.06257,-0.68522
-0.14756,-0.17434
-0.81814,0.27601
0.56897,0.69067
-0.74548,0.09856
-0.13502,0.13653
0.67466,-0.09976
-0.85200,-0.38120
0.51690,0.31326
-0.05718,0.75802
0.90681,0.77539
-0.04974,0.42696
0.30484,0.35106
0.19469,0.85610
0.88572,-0.35412
0.15287,-0.61653
0.15826,0.78289
0.07243,0.43947
-0.51935,0.47722
0.03340,-0.10774
0.85494,-0.71380
-0.39737,0.57899
-0.61800,0.36099
0.52038,0.14238
-0.89938,0.89149
-0.55148,-0.31667
-0.09437,0.98237
-0.79954,-0.84565
0.52253,-0.99630
-0.52637,-0.71251
-0.16228,0.40417
0.13595,-0.22016
0.69564,0.51981
0.40634,0.69827
-0.53313,0.87537
-0.56804,0.83307
-0.87134,0.26673
-0.92968,0.43153
-0.79669,-0.48829
-0.72511,0.36961
0.04552,0.72571
-0.46102,-0.22053
-0.19089,-0.05257
0.68726,-0.41938
0.56105,0.24079
-0.29388,-0.78230
0.61162,0.21938
0.73298,-0.74364
0.54232,0.95697
0.05460,0.79077
-0.75343,-0.06792
0.48173,-0.78009
-0.28651,-0.94536
0.21527,0.01534
-0.04431,0.10832
0.29707,0.86675
0.82668,-0.60846
-0.67051,-0.83574
0.34251,0.62289
-0.04923,-0.99095
-0.90007,0.56731
-0.44424,-0.44782
-0.87973,-0.61419
0.77301,-0.37813
0.84840,0.38374
0.03314,-0.56665
-0.23521,-0.74023
0.89446,0.85537
0.13254,-0.65031
-0.03514,0.30925
-0.06152,-0.74813
-0.11545,-0.45478
0.10146,-0.85194
-0.70127,0.26593
-0.10224,0.84791
-0.52811,-0.08238
0.95989,-0.14546
-0.89888,-0.88464
0.04443,0.57236
-0.18969,-0.69367
-0.36405,-0.04134
0.44913,0.90142
-0.89022,-0.75284
-0.46253,0.41384
-0.54155,0.19126
0.40334,0.61602
-0.73843,-0.69919
-0.52735,0.51453
-0.09373,-0.78844
0.89617,-0.85561
0.17848,0.17389
0.20205,0.22146
0.63531,-0.38730
-0.05420,-0.20496
0.52300,0.49759
0.25391,-0.36340
0.05189,0.71054
0.82965,-0.00858
-0.08864,0.89340
-0.45873,0.18349
0.17723,-0.08397
-0.80618,-0.87847
-0.23203,0.78863
-0.51043,0.77344
-0.50906,-0.14042
-0.24114,0.73792
0.35109,-0.99445
0.69459,-0.21998
-0.70873,0.39796
-0.98868,0.03106
-0.27728,0.10095
-0.90755,0.47781
-0.33321,0.48719
0.45774,-0.81784
0.02814,0.85758
-0.84292,-0.27780
0.41689,0.92882
-0.99947,-0.93493
-0.63005,-0.35793
-0.83014,0.07192
0.07951,0.55526
-0.05632,0.94698
-0.10579,0.80339
-0.92922,0.35421
-0.22312,-0.46486
-0.04476,-0.63109
0.83386,-0.40579
0.84794,0.48265
0.75460,-0.88553
0.14407,-0.81745
-0.07569,0.95981
-0.75997,-0.87498
-0.46158,-0.77959
0.72823,0.49349
-0.57631,-0.92239
-0.65932,-0.10793
-0.52865,-0.64515
-0.02260,0.26215
-0.83457,-0.73895
-0.65365,0.72895
-0.15809,-0.04328
0.95757,-0.43636
0.36542,0.49722
-0.57423,0.24179
-0.30191,-0.66673
0.68050,-0.50063
0.08006,0.90717
-0.52326,0.35763
-0.14979,0.39212
0.63570,-0.63672
0.59679,0.76848
-0.25575,0.97529
-0.95476,0.43226
-0.27080,0.67277
0.31944,0.77581
-0.15449,0.54154
0.53586,-0.46661
0.34318,-0.64769
0.61956,0.29683
-0.27148,0.54219
-0.50499,-0.52019
-0.99623,-0.79199
0.24374,-0.22853
0.72384,-0.22671
-0.49051,-0.32421
0.20386,-0.21148
-0.73162,-0.68503
0.45995,0.05711
0.83790,0.25166
-0.93772,0.69145
-0.93687,-0.31045
0.66527,-0.54456
0.88243,-0.77793
-0.15212,0.14547
-0.02130,-0.66552
-0.80383,-0.37266
-0.52391,0.23905
0.09694,0.02651
0.04211,0.45815
0.12138,0.65000
0.64768,-0.07253
-0.98954,-0.96463
-0.18641,0.27993
0.27819,-0.86991
0.63653,-0.77127
-0.84785,-0.25133
0.83490,-0.20980
0.85515,0.24157
-0.41513,0.07070
-0.91316,-0.40197
0.92062,-0.07110
-0.82583,0.37045
0.40389,-0.64522
0.61112,0.07049
0.44506,0.83796
0.16568,-0.77362
0.78739,0.65146
0.23171,-0.45360
0.52903,0.22671
-0.56346,-0.47622
0.02881,0.95692
-0.26881,0.31240
-0.72269,0.16834
-0.41925,-0.77741
0.88022,0.86630
-0.93070,-0.67321
-0.10278,-0.68117
-0.02073,0.10164
-0.98784,0.59088
0.74031,-0.43677
-0.59519,-0.29036
0.04627,0.89471
0.47113,0.68982
-0.89581,0.90237
0.05519,0.31779
0.12311,-0.05569
-0.01707,0.06765
0.60318,0.94724
0.78849,0.37891
0.68903,0.03885
0.93115,-0.72436
0.93058,0.02177
-0.97226,-0.27799
-0.82647,-0.43505
-0.32298,-0.99798
0.42685,-0.22895
0.60409,-0.58177
0.71609,0.52735
0.94612,-0.81855
0.15760,-0.74825
0.57961,-0.84239
0.43203,-0.52190
0.85228,0.90936
-0.60604,0.38995
-0.02220,-0.21384
-0.38681,-0.65012
0.93825,0.89733
-0.82319,0.84920
-0.46923,0.53010
-0.85259,-0.54012
0.63428,-0.79674
0.40998,-0.30088
0.42161,-0.86077
-0.93022,0.91786
-0.04683,-0.79734
-0.77253,-0.96669
-0.34693,-0.75891
0.39270,0.79898
0.18099,-0.01319
-0.55768,0.19132
-0.91151,-0.81694
0.06485,0.91142
0.39273,0.89531
-0.08942,-0.06630
0.58794,0.20673
0.11262,-0.60899
-0.39148,-0.64051
0.96094,-0.47116
-0.55547,0.80110
0.56813,-0.80638
0.94445,0.27600
0.14636,0.73478
0.90511,-0.99961
0.56216,-0.97373
0.88774,0.55441
0.53463,0.35053
0.51750,-0.60755
0.99004,-0.19809
-0.49407,0.45807
0.90487,0.04755
0.45981,-0.13264
-0.45207,0.33392
0.19568,-0.02606
0.12970,-0.09209
-0.07309,0.41525
0.41116,-0.45923
-0.93096,-0.22549
0.38643,0.28734
0.13682,0.57013
-0.61149,-0.41252
-0.04488,0.41408
-0.09048,-0.63436
0.88228,-0.79396
0.06699,-0.66509
-0.52860,-0.27168
-0.42008,-0.28220
0.35836,0.67810
0.37306,0.29180
0.88748,-0.03037
0.30338,0.82336
-0.92265,-0.23574
-0.26715,0.26090
-0.14467,0.41906
-0.37790,0.72541
0.17543,-0.73387
-0.69942,-0.88083
-0.20471,0.20718
-0.02034,0.42890
0.70278,0.96811
-0.51843,0.93575
-0.39201,-0.10413
-0.76382,0.99496
-0.56209,-0.30279
-0.66080,0.00158
-0.44095,-0.61291
0.15741,0.35547
0.52078,-0.37256
-0.97741,-0.77297
-0.40993,-0.43084
-0.90381,-0.98588
-0.33418,0.19334
0.48076,-0.23011
-0.85283,0.52428
-0.65664,-0.26021
0.25989,0.74467
0.77500,0.47365
0.46824,0.40975
0.14595,0.88826
0.52608,0.31049
0.33877,0.59788
-0.33539,-0.39396
0.57297,0.98958
-0.68241,-0.07429
-0.02423,-0.89344
0.45932,0.97856
0.51117,-0.83912
0.22559,0.83322
0.17352,-0.84527
-0.40328,-0.02758
-0.42563,0.57309
0.10462,0.78108
-0.63999,0.79771
0.61005,-0.18572
-0.18114,-0.41784
0.47744,0.84003
0.69593,0.54820
-0.75547,0.49111
0.13644,-0.16212
-0.49363,-0.00833
-0.94401,0.34631
-0.81020,0.75663
-0.14759,0.35032
-0.10310,0.86327
0.42167,0.34072
0.28553,-0.24724
-0.08401,-0.54024
0.64684,-0.83998
-0.63923,0.90982
-0.06623,-0.53204
0.05347,-0.63021
-0.78037,-0.78961
-0.62350,-0.28479
-0.71365,-0.39159
0.02413,0.62594
-0.66623,0.39538
-0.22671,-0.22402
0.66161,0.55447
-0.37518,-0.57407
0.75491,0.71633
0.83385,-0.02318
0.94793,-0.89896
-0.80090,-0.08031
-0.65050,0.14869
-0.26738,0.72994
-0.57345,-0.77568
-0.96733,-0.25173
-0.19948,-0.91106
-0.47643,0.49535
-0.99111,-0.75450
0.78361,0.17472
-0.75412,0.31002
-0.24066,-0.02283
-0.29744,0.84132
-0.25145,-0.49014
-0.59761,0.21188
0.54522,-0.67968
-0.73838,0.07614
0.09627,0.90401
0.23136,-0.29731
0.97785,0.31924
-0.91920,0.97312
0.54004,-0.99779
-0.15154,0.11823
-0.10127,-0.12141
-0.26133,0.82067
-0.96797,-0.67940
0.66068,0.87031
-0.34412,0.16133
0.59424,-0.04378
0.59689,0.19931
0.81421,-0.90070
0.13759,-0.74799
0.61892,0.04044
-0.80793,-0.69737
0.43683,0.98550
-0.00297,0.61044
-0.00782,0.20068
-0.92523,-0.80179
-0.47801,0.29915
-0.54115,-0.74557
-0.93729,0.11288
0.19305,-0.51182
-0.73054,0.72565
0.66230,-0.85214
-0.10684,-0.10405
0.01284,-0.82157
0.79186,-0.09931
-0.12370,-0.01427
-0.81429,0.47194
0.18665,0.04725
-0.03288,0.09388
-0.51261,0.99457
-0.41997,0.77280
-0.86326,-0.92825
-0.65766,0.27427
-0.64258,0.34626
0.79733,-0.18897
-0.65231,0.13802
0.67595,-0.94065
0.04080,-0.38846
-0.67916,0.51854
0.80421,-0.12866
-0.44683,-0.50685
0.84846,-0.87465
0.46453,0.40017
0.65080,0.27024
0.12551,0.98575
-0.52990,0.04845
-0.70484,0.43995
0.38875,-0.22351
-0.92986,-0.41901
0.19107,0.14523
0.77370,0.82571
0.10585,-0.63512
-0.03147,-0.26272
0.29351,-0.56160
0.16562,0.41474
-0.56265,-0.69517
0.38745,0.89703
-0.37710,0.89433
0.85245,-0.72489
0.52544,-0.30627
-0.75181,0.20533
0.75148,-0.77320
0.63677,0.28515
0.66730,0.94919
-0.45643,-0.56691
-0.44620,0.92885
-0.88457,-0.62100
-0.18545,0.33047
-0.19089,-0.35216
-0.31778,0.29413
0.17059,-0.76807
0.30855,0.00968
-0.34738,-0.90921
-0.56472,0.55807
-0.97929,0.13550
-0.54310,0.83202
-0.78554,0.92577
-0.92157,0.43493
-0.10179,0.51201
-0.67412,-0.10067
0.47208,0.57813
-0.75641,0.42058
-0.11213,-0.36463
0.81186,0.78821
-0.47992,-0.60657
-0.24917,-0.42601
-0.10915,-0.70202
0.64066,0.40731
-0.31933,0.76990
0.01323,0.89358
0.80548,0.90631
-0.00602,-0.53070
-0.25532,-0.29837
-0.24488,-0.27528
0.20222,-0.55710
0.27101,0.80081
0.70380,0.91396
-0.25572,-0.17762
-0.63303,-0.40922
-0.82542,-0.34013
0.85250,0.65295
-0.57689,-0.95490
-0.57286,-0.80126
0.81614,-0.15915
-0.17031,0.33765
-0.52760,-0.85225
-0.72577,-0.34576
-0.69339,-0.94496
0.80778,0.46075
0.04047,0.30238
0.91882,0.11839
0.01166,0.80060
0.09487,0.88214
0.66150,-0.12221
-0.38851,0.47198
-0.38230,0.23173
0.90518,-0.96789
0.17939,0.05939
0.10149,0.38647
0.81534,-0.15255
0.29003,-0.69785
-0.02987,0.43021
-0.67656,-0.06334
-0.89565,0.36618
-0.32913,0.44121
0.73127,0.26172
0.85976,-0.04033
-0.73249,0.19960
-0.84745,-0.69080
0.29665,0.60118
0.56836,-0.32679
0.28031,0.70536
-0.83465,0.06193
-0.30798,-0.29831
-0.78172,-0.12740
0.00920,0.17506
-0.37514,0.50138
-0.55809,-0.07092
0.22605,-0.68561
0.13652,0.46293
-0.15059,-0.98769
-0.83693,0.08650
-0.39744,0.37950
-0.50023,-0.92135
0.76010,0.96963
-0.48432,-0.46617
-0.96849,0.96943
-0.49434,-0.37989
0.09253,-0.92614
-0.37642,0.30337
-0.84181,0.83619
0.53927,-0.03419
0.08034,0.54897
0.33543,0.56980
-0.23505,-0.32214
-0.31070,0.64793
-0.99964,-0.97786
0.76263,-0.05607
-0.70046,-0.18984
-0.84711,-0.42394
-0.38895,0.57880
-0.94304,0.46782
0.04263,-0.21510
-0.60451,0.36051
0.95373,0.55403
-0.96186,-0.54451
0.17606,0.33807
-0.04456,-0.32678
0.63725,-0.79631
0.81052,-0.09529
-0.44332,-0.06373
0.26085,0.68544
0.87648,-0.32017
0.36613,0.27828
0.48567,0.17728
0.03382,-0.37559
0.33504,-0.45834
-0.34289,0.43630
-0.41475,0.42105
-0.54907,0.19405
0.39948,0.99228
-0.92558,0.69851
-0.34780,-0.27885
0.95960,0.91699
-0.48054,-0.93195
0.10150,-0.16458
-0.65622,-0.81124
0.00760,-0.94730
-0.06753,-0.29470
-0.95864,0.86829
-0.51198,-0.28463
-0.88646,0.27615
-0.09654,0.80984
-0.49061,0.70816
-0.13319,-0.93626
-0.30533,0.96510
0.82788,-0.61779
-0.98952,0.37264
0.98869,0.28278
0.53951,-0.06749
0.11977,-0.84672
0.32995,-0.53211
-0.08182,-0.89464
0.07893,0.62872
0.93877,0.62351
0.65210,0.51949
0.69254,-0.61962
-0.57319,-0.06096
0.70861,-0.15772
0.98817,-0.70023
0.08512,-0.03334
-0.94923,-0.07018
0.33157,0.59410
-0.89842,-0.71865
0.72815,-0.20355
0.92113,-0.13616
-0.23214,0.37322
0.62488,-0.21756
0.43729,-0.37105
-0.17801,-0.13551
-0.28136,0.16191
-0.36281,0.82750
-0.80110,-0.23238
0.00297,-0.99653
-0.53891,0.17271
-0.46366,0.10731
0.08661,0.95146
-0.46882,0.18879
0.35398,-0.56614
-0.16264,0.96838
0.64556,-0.07520
0.77081,-0.82786
-0.14787,-0.87683
0.37002,0.19481
0.42033,-0.50814
0.40086,0.24556
0.68895,0.06809
0.68053,-0.31781
0.48626,0.36774
0.11204,0.75333
-0.20001,-0.75870
-0.51898,-0.46480
-0.71258,-0.64147
-0.35766,0.78901
0.56300,0.85178
0.96585,-0.30319
0.78158,0.05893
0.76026,0.47413
-0.99804,-0.70654
-0.85070,0.94437
-0.63053,0.76867
0.79315,-0.84362
-0.94185,0.37685
-0.02575,-0.47780
-0.68689,-0.26456
0.22658,-0.78856
-0.74141,-0.30418
0.13628,-0.28689
0.44159,-0.95276
0.73155,-0.54902
-0.89692,-0.40498
0.37732,-0.49360
0.46508,0.78365
-0.73544,0.92430
-0.57862,0.03013
0.29193,-0.20428
0.35009,-0.57696
0.19859,0.12079
-0.88921,0.89497
0.74184,-0.95138
-0.39617,-0.52848
0.43401,-0.79780
0.09693,0.80398
0.66775,-0.05654
-0.66758,-0.29651
0.64709,-0.24090
0.46409,-0.09165
-0.06396,0.93930
-0.76683,0.21161
0.27583,0.60991
0.29473,0.09652
0.13521,-0.53466
0.35598,0.14805
-0.69066,-0.60978
0.00314,-0.93027
-0.30530,0.81206
-0.10190,0.56093
-0.05017,0.62762
0.59917,-0.09875
-0.22410,0.46279
-0.61560,0.75740
-0.13767,-0.49533
-0.57240,-0.34658
0.22948,-0.48343
0.79648,-0.69514
0.94661,-0.31637
-0.31185,0.03552
0.62931,0.52921
0.86192,-0.48751
-0.45088,-0.94254
0.96503,-0.19095
0.75731,-0.61707
-0.19398,0.80861
0.09080,-0.85032
-0.50967,0.84123
-0.39132,0.42656
-0.39979,0.56983
-0.51191,0.61837
0.00330,0.81939
0.71414,0.13713
0.08894,0.32340
-0.28561,-0.87161
-0.49449,0.57607
0.12355,0.43399
0.80241,0.31309
0.64686,0.69642
-0.28575,0.09501
-0.25956,0.00830
0.99123,0.84891
0.35765,0.73192
0.67303,0.00849
-0.37782,-0.60599
0.29471,-0.93415
-0.15263,0.80947
0.55356,0.98194
0.34537,0.44516
-0.55250,0.51880
-0.40893,0.99708
-0.36888,0.65242
-0.21465,0.57241
-0.19002,-0.72386
0.77534,0.79261
0.47004,-0.77783
-0.98536,-0.21129
-0.11536,-0.13555
0.06836,0.45305
0.98934,-0.75700
0.47103,-0.70375
0.06917,0.14833
0.65787,-0.72371
-0.99287,-0.37496
-0.22010,-0.83032
-0.48205,-0.41949
-0.53718,0.45059
0.62012,-0.44063
-0.84322,0.27747
-0.15828,0.15302
0.03506,-0.72795
0.69544,0.76575
-0.40647,-0.96301
0.81464,-0.98904
0.56482,0.48255
-0.84279,0.76815
0.40991,0.03446
0.67565,0.39470
-0.61008,0.65029
-0.88227,-0.05923
-0.42611,0.01355
0.81051,-0.34447
0.53570,0.39084
0.42653,-0.47058
-0.58411,-0.09208
-0.99002,-0.30429
-0.48533,-0.23414
0.75799,-0.44864
-0.37787,-0.05142
0.18735,-0.94909
-0.42329,0.42773
0.03868,-0.77988
0.96133,-0.17087
-0.97450,0.28006
0.58606,0.58879
0.14053,0.67344
0.77317,0.05154
0.96575,0.01733
-0.80344,-0.91882
0.25135,0.32167
0.16402,0.37431
-0.27045,-0.19010
0.88694,0.80643
-0.67698,-0.37395
-0.03792,0.56912
-0.70973,0.55626
0.51931,-0.01656
0.98671,-0.71774
-0.25837,0.53751
0.93332,0.51073
0.28651,-0.43197
0.39492,-0.51896
0.20135,-0.92147
0.93149,-0.77907
0.19101,-0.68971
-0.48174,0.72889
0.76823,0.17794
0.89051,0.17011
-0.28639,0.80397
0.27756,-0.40002
-0.00403,-0.90301
0.68608,0.13215
0.67605,-0.10714
0.93574,-0.02409
0.09247,0.47796
-0.21004,-0.64600
0.71154,-0.67911
-0.89250,0.32080
-0.15278,0.75455
-0.91780,-0.19103
-0.09171,0.04792
0.26996,0.58694
0.41463,0.81660
0.52948,0.55454
-0.23675,-0.80758
0.00832,-0.72419
0.96241,-0.89925
-0.84701,-0.45445
0.85985,-0.62098
-0.73054,-0.47507
-0.79898,-0.20175
-0.15292,0.12006
-0.20529,0.90863
-0.59932,0.98699
0.42692,-0.45429
-0.06025,-0.18784
0.84101,0.27493
0.62995,0.69755
0.56892,0.65736
-0.18779,-0.83964
-0.08535,0.71825
0.59565,-0.16356
-0.62195,-0.14599
-0.63827,0.12242
-0.18009,-0.09088
0.78461,-0.26886
0.37004,-0.30587
-0.21314,-0.42008
0.92251,0.97247
0.41841,-0.17204
-0.14585,-0.25707
0.88615,0.89752
0.63325,-0.78091
-0.36241,-0.27177
-0.60826,-0.13576
0.95371,0.80673
-0.40406,0.08694
-0.41975,-0.30312
0.37570,-0.42833
0.64089,0.90105
0.17713,0.11141
-0.17219,0.23551
-0.06594,0.33608
0.97500,0.42844
0.52146,0.84561
0.66516,-0.98304
-0.47431,0.67372
0.79114,-0.40053
0.96884,0.78143
-0.08151,-0.10974
-0.13231,-0.26659
-0.07931,-0.28139
0.03348,-0.46332
-0.24533,-0.75329
-0.39364,0.81235
-0.17568,-0.76555
-0.22435,0.08305
0.05042,-0.49278
-0.20775,-0.99607
-0.81657,-0.49906
0.47140,-0.98029
-0.03858,0.36589
-0.96645,0.44323
0.17918,0.44804
-0.03963,-0.13101
0.96077,0.36292
0.38477,0.35773
0.94103,0.30580
0.09342,-0.17144
0.21479,0.73246
0.52053,-0.63149
0.50718,-0.92080
-0.57808,0.15244
-0.47649,0.28095
0.78081,-0.63284
0.27054,0.37530
0.08403,-0.52752
-0.97229,0.87565
-0.55892,0.89687
0.23469,0.48747
-0.99372,0.30585
-0.49383,-0.10629
-0.03089,0.28704
-0.41233,-0.16081
-0.96423,0.33608
0.53428,0.47019
0.66122,-0.66144
0.89853,-0.97989
-0.34087,0.08831
0.46877,-0.02219
-0.55231,-0.17019
0.76190,0.12851
0.37144,0.88092
0.53775,-0.22640
-0.56959,0.45454
0.90229,-0.69355
-0.17935,0.79594
-0.10065,-0.02252
0.28525,-0.14827
-0.14858,0.75623
-0.66786,-0.58507
0.51544,0.74625
0.41301,0.60729
-0.54531,0.20097
-0.54748,-0.13214
-0.42348,-0.43551
0.97609,0.41532
0.99041,-0.24024
-0.44275,0.68989
0.42762,-0.73495
0.76258,0.44804
0.99114,0.78129
-0.17906,0.08073
0.90684,-0.03128
0.29335,-0.65270
-0.54558,-0.00693
0.77071,0.43257
0.61676,-0.05395
0.09092,0.00279
0.22914,-0.69364
0.31993,-0.41918
-0.19684,0.73922
0.56087,0.24101
0.21470,0.34289
-0.51834,0.68254
-0.34224,-0.36574
-0.16602,0.92674
-0.84588,0.26458
-0.19346,0.88047
0.80682,-0.74599
0.96630,0.10277
-0.30424,-0.21829
0.65116,0.44538
0.66724,-0.39432
0.97618,0.72484
-0.42996,0.39982
0.87675,0.67365
-0.38402,-0.56944
-0.13998,-0.44389
-0.85018,0.43134
-0.80506,0.54128
0.32445,-0.92604
-0.04939,0.56038
-0.11328,0.85073
-0.11086,0.51850
0.48210,-0.96330
-0.00257,0.35903
0.16367,0.50281
0.69902,-0.41252
-0.47494,0.44705
0.50750,0.72856
0.05994,-0.27057
-0.79989,-0.40681
-0.51995,-0.56104
-0.69363,0.88418
-0.60134,0.34758
-0.89323,-0.57302
0.26777,0.97538
-0.78626,-0.38742
-0.22898,-0.69030
-0.36014,0.09831
0.05792,0.69950
0.22806,-0.35608
0.96414,0.08751
-0.13813,-0.35972
0.10123,0.70985
-0.44729,-0.40196
0.50347,0.30966
-0.28541,0.19178
-0.03242,-0.73736
-0.48130,0.57399
0.22206,0.63548
0.86561,0.80508
-0.50681,0.40630
0.79305,-0.26879
-0.26445,0.94394
0.18121,0.59758
-0.51579,-0.18067
-0.73245,0.38169
0.89945,0.13054
-0.29287,-0.63219
0.04944,-0.14055
-0.17654,0.05925
0.52104,0.60814
-0.54798,0.26553
0.84645,0.38723
-0.17689,0.49925
0.38020,0.35340
0.91487,0.92012
-0.07877,0.56972
0.86832,0.39585
-0.02520,-0.64396
0.57867,0.41487
0.27397,0.56218
-0.62486,0.30375
0.20818,-0.01761
0.35296,0.94301
0.13787,-0.67931
0.48062,-0.06425
0.52184,0.23901
-0.10261,0.20694
-0.13373,0.25835
-0.13741,0.09656
0.20821,-0.06210
-0.03362,-0.79323
0.74514,0.65411
-0.03355,-0.63202
-0.60436,0.13068
0.78631,-0.90302
-0.06988,0.05215
0.50412,0.32290
0.19718,-0.06316
-0.20784,-0.21299
0.12287,-0.64528
0.95626,-0.93419
0.56339,0.74501
-0.65217,0.59959
0.78612,-0.70440
0.30748,0.71062
-0.68555,-0.52888
-0.95027,0.38795
-0.19389,-0.83982
0.51701,0.59996
-0.06163,-0.08085
0.81546,0.89434
-0.55298,-0.43593
-0.06202,-0.18056
0.57071,0.10976
-0.01914,-0.86480
0.15857,0.72029
0.32011,-0.51767
-0.00825,-0.39674
-0.72688,0.74531
0.52471,-0.27593
-0.27882,-0.97296
0.92820,0.86878
-0.46420,-0.42931
-0.70013,0.97500
0.25883,-0.45180
0.77542,-0.09489
0.10327,-0.08900
0.81287,-0.07163
0.80514,0.19424
0.55809,-0.46648
0.87879,-0.77323
-0.87204,0.93378
-0.80208,0.22710
-0.61150,0.93114
-0.65636,0.52797
-0.10141,0.72481
0.52346,-0.59371
0.71634,0.65349
0.22123,-0.09810
-0.76906,0.54332
-0.02630,0.45631
0.21238,0.71854
0.97583,0.57483
-0.56722,0.15211
-0.11663,0.51763
-0.78157,0.03990
0.02875,-0.17220
-0.47411,0.83089
-0.26326,0.16229
-0.93594,0.40473
0.51568,-0.93670
-0.12545,-0.35624
0.18801,-0.90661
0.19407,-0.47159
0.30021,-0.66713
-0.90015,-0.41787
-0.14780,-0.51497
-0.44570,-0.32765
0.29879,-0.54047
-0.66691,-0.84177
0.05732,-0.10116
0.03213,-0.49111
0.50919,0.35869
0.13834,0.84958
-0.95597,-0.84259
0.32211,-0.89741
-0.55622,-0.25099
-0.33374,0.63650
0.54038,-0.83714
-0.47257,0.46969
0.28585,0.03231
0.60521,0.47175
-0.28706,-0.41167
-0.45925,-0.12671
0.52969,0.24954
-0.10110,-0.08705
-0.82862,-0.57769
-0.41606,0.05118
-0.36656,0.21762
0.67287,-0.64813
0.34362,0.58242
0.45821,0.79824
0.35704,-0.83723
-0.74922,-0.67003
0.73610,0.56240
-0.47473,0.81261
0.24199,-0.92337
-0.54906,0.06600
0.79631,0.01887
0.14414,-0.98964
0.24620,-0.62349
-0.04105,0.65817
-0.84057,-0.37829
-0.29285,0.57003
-0.60773,-0.68421
-0.70119,-0.84804
-0.16304,-0.74291
0.37081,-0.90300
0.02794,-0.67540
-0.68911,0.88024
0.40690,-0.48951
-0.03878,-0.14162
0.31862,-0.76675
-0.61771,-0.98607
-0.98427,0.97175
-0.90635,0.81404
0.17035,0.45238
0.43785,-0.39242
0.70630,-0.02600
-0.01518,0.50578
0.38787,-0.49620
-0.45856,0.16895
0.74662,0.71914
0.95649,0.22432
0.25203,0.49499
0.23780,-0.56733
-0.96590,0.95331
-0.32643,-0.40593
-0.13410,0.43101
-0.18271,0.78374
-0.00870,0.80850
-0.47285,0.53512
0.60314,-0.76976
0.14736,0.39899
0.21627,0.79238
0.42882,-0.40767
-0.58407,-0.55795
-0.26714,0.73196
0.98303,-0.10227
-0.81406,0.73772
0.58246,-0.88483
0.87711,0.91063
0.64941,-0.15331
0.00282,-0.04845
0.81075,-0.92541
-0.10831,-0.41148
0.51029,0.33794
0.29710,0.68788
-0.50431,-0.73343
0.08488,0.71327
0.02251,0.12257
-0.90962,-0.24664
0.93859,0.36528
0.41288,0.43895
-0.71133,-0.65174
-0.33381,0.06779
-0.38177,0.46056
-0.90738,-0.30477
-0.96877,0.10183
0.39139,-0.89677
-0.80401,-0.24058
-0.86269,-0.14591
0.38788,-0.31465
0.24315,0.64614
0.69649,-0.98326
-0.14992,0.11419
-0.60025,-0.24898
-0.47074,-0.35800
0.46526,0.51702
0.87127,0.43116
0.87136,-0.21999
-0.35754,-0.48885
-0.78860,-0.93584
-0.49015,0.59641
-0.05064,-0.62500
-0.91530,0.88525
0.30747,0.49177
0.54261,0.32581
-0.91982,-0.64752
-0.10555,0.59968
-0.40677,-0.29854
0.38728,0.66928
-0.05362,0.12096
0.87336,0.71643
-0.22155,0.49256
0.99123,-0.34089
0.27428,0.39477
0.46087,-0.74365
-0.76525,-0.55695
-0.37541,0.71666
0.59745,0.66958
0.40151,-0.72097
-0.21946,-0.84163
-0.89660,-0.67684
0.54489,-0.78991
0.46225,0.92196
0.44680,-0.64724
0.24754,0.56564
-0.04167,0.66507
0.51458,0.81148
-0.72452,0.95155
0.31436,-0.03839
-0.34099,0.42560
0.23296,0.99938
-0.14495,-0.29570
0.88453,-0.50996
0.47856,-0.68726
0.37529,0.09624
0.21926,-0.39407
-0.04741,0.18458
0.34765,-0.45933
-0.12758,0.89407
-0.23326,-0.37961
0.33993,0.23195
0.11855,-0.69237
0.37255,-0.08564
0.21630,-0.61073
0.95499,-0.83785
-0.23317,-0.96413
0.91201,-0.83901
0.30476,0.16001
0.24854,0.52602
0.45811,0.91470
-0.11285,0.31850
0.30822,0.29899
-0.89275,0.12072
0.16114,0.99205
-0.29762,-0.13840
0.32360,0.22818
-0.19609,0.69907
0.79320,-0.72463
-0.49883,0.00870
0.48331,-0.32116
-0.93175,-0.59527
-0.30854,0.53540
0.26155,-0.13350
-0.16163,-0.98114
-0.30455,-0.99762
-0.56453,-0.40703
-0.66148,-0.01607
-0.80338,0.64968
0.40805,-0.71333
0.49641,-0.51963
0.59838,-0.63166
-0.79118,0.39107
0.69567,-0.04148
0.49177,0.83990
-0.43185,-0.13347
-0.65767,0.18960
0.56631,0.88795
-0.04135,0.90800
-0.65069,-0.97296
0.38750,-0.26487
0.81238,-0.56915
0.95373,-0.01105
0.88312,0.44239
-0.96542,-0.09508
-0.93186,0.69878
-0.75796,0.20444
0.05758,-0.56994
0.30093,-0.02506
-0.65210,-0.52205
-0.53484,-0.23286
0.39341,-0.43034
0.76288,0.61761
0.33819,-0.40638
0.72427,0.45320
-0.48944,-0.02069
0.85805,-0.68219
0.63607,-0.75642
0.42411,0.25079
0.41839,0.55826
-0.23633,-0.12995
-0.92449,0.52042
0.10017,-0.26001
0.79568,0.44595
-0.05707,0.26280
-0.27888,-0.39416
0.32192,-0.53735
0.69639,-0.19512
0.24685,-0.30317
-0.95624,-0.48157
0.26656,-0.43428
0.20801,-0.77312
0.43394,-0.43637
0.49196,0.99344
0.48571,0.40073
-0.81396,-0.87365
0.76325,0.16138
-0.98066,-0.35930
-0.63892,0.51389
-0.24440,-0.03555
-0.50441,0.50820
0.77229,-0.43853
-0.23641,0.08016
-0.21427,0.20377
-0.80576,0.18865
0.42861,0.31362
0.04126,0.56023
-0.60952,-0.32545
-0.48373,-0.46378
0.05745,-0.02243
-0.09013,0.99621
-0.36222,-0.39139
-0.76996,0.91817
-0.71886,-0.87158
-0.64810,0.48950
0.04435,-0.96429
-0.17302,-0.49593
0.43862,-0.22158
-0.96731,-0.15446
0.26430,0.51796
-0.39761,0.79621
-0.09987,0.36220
0.21369,-0.83561
0.68104,-0.65710
0.89213,-0.41788
0.95210,0.49410
-0.77816,0.14539
-0.20128,-0.19088
-0.07058,0.71535
-0.57064,0.57089
-0.11096,-0.78745
0.81578,-0.19002
-0.46326,0.42977
0.38651,-0.55084
0.92065,-0.86216
0.25199,0.69276
-0.76058,-0.93643
-0.64451,-0.20926
0.40865,-0.77349
0.23537,0.82592
-0.86901,-0.22215
-0.24536,-0.73658
0.83934,-0.48189
-0.36724,-0.85527
0.71205,-0.86104
0.17186,-0.36283
0.86887,-0.44446
-0.69165,-0.97054
0.91866,0.14067
0.20906,-0.94038
0.21692,0.73184
0.71179,0.04952
-0.91867,-0.83495
-0.07978,0.96691
0.23224,0.05164
0.23945,-0.35459
-0.45924,0.97710
0.81755,-0.14789
0.08774,0.99969
-0.52430,0.41986
-0.90265,0.41428
-0.06316,0.48936
0.20843,0.36568
0.47798,-0.23914
-0.48069,0.95102
0.17341,0.08330
0.07778,0.02371
-0.17197,-0.43703
-0.73362,-0.92509
-0.65607,0.25510
-0.00606,0.85930
0.41077,-0.16434
0.31975,-0.36784
0.05014,0.77811
0.78624,0.35700
0.12192,-0.86387
0.73502,0.45391
-0.06878,-0.50949
0.29704,0.49860
-0.13882,-0.12239
-0.94605,-0.06390
-0.32705,-0.33208
0.79736,0.01195
0.72383,0.92354
0.64097,-0.86349
-0.10203,-0.41202
-0.95027,0.73599
-0.45192,-0.12227
0.12354,-0.16689
0.55068,-0.38841
0.74032,0.71152
-0.91366,0.56175
0.81849,0.43696
0.44940,0.92513
0.89232,-0.04326
0.03581,0.09897
-0.62634,0.11288
0.44475,-0.95542
0.39318,0.88564
-0.89806,0.27340
-0.82819,-0.76118
0.12699,-0.89056
-0.71124,-0.84608
-0.20287,-0.84743
0.97084,0.15791
0.91227,-0.81574
0.70649,-0.07112
0.88528,-0.12689
-0.06529,-0.24829
0.55077,-0.85685
-0.70111,-0.65583
-0.70576,0.23880
0.40144,-0.84784
0.21740,0.43760
-0.13383,0.52376
-0.92680,0.27565
-0.21415,0.62732
0.59039,0.39920
0.13370,-0.51179
-0.98006,-0.19696
0.52637,0.27500
-0.99413,0.43209
-0.78848,0.87121
0.19553,-0.25074
-0.60939,0.48699
-0.87463,-0.87536
-0.03574,-0.84924
-0.46357,0.58546
-0.60364,0.58639
0.13756,-0.20360
-0.79042,0.61528
-0.74548,-0.10060
0.11604,0.52195
-0.14178,-0.93296
0.44099,0.42712
0.75951,0.26185
-0.21724,-0.56484
0.10944,-0.60861
-0.69998,0.57562
-0.99402,-0.56663
0.83004,-0.76198
-0.03121,-0.05619
0.48377,0.50394
0.38432,-0.96910
-0.40562,-0.40676
-0.79930,0.64255
0.70237,-0.38398
0.88330,0.17791
0.04850,0.25697
0.23402,0.26113
0.67291,-0.35218
0.28683,-0.63405
-0.94665,-0.59297
0.75669,-0.98300
-0.30013,-0.96612
0.74906,0.46494
-0.32359,-0.63130
0.80401,-0.91966
0.00561,0.82657
-0.49435,-0.03722
0.67408,-0.15159
-0.93117,-0.87749
0.92336,0.20407
0.10002,0.29467
0.83121,-0.03591
0.66029,-0.38078
-0.70197,0.59549
-0.28152,-0.29204
-0.60547,-0.36632
-0.14383,-0.05802
0.10884,-0.63706
-0.67776,0.09722
0.70255,0.86021
-0.47559,0.41300
-0.39612,-0.44069
-0.65502,-0.20974
-0.75933,0.94096
0.83371,-0.23615
0.29845,0.45866
0.40438,-0.94889
-0.16105,-0.46187
-0.02173,-0.91433
-0.67688,0.83573
0.61567,-0.40602
-0.04331,-0.18302
0.62087,0.55873
0.14064,0.74300
0.97137,0.16528
0.50881,-0.44883
-0.23833,-0.13080
0.85314,0.38808
0.75727,-0.52878
0.67690,-0.30620
-0.89499,0.17278
0.60753,0.57442
0.41563,-0.96263
-0.82055,-0.38346
0.35192,0.06721
-0.31490,-0.96037
-0.93032,0.80138
0.55177,-0.83782
-0.62299,-0.75736
-0.61751,0.24756
-0.61809,-0.18779
-0.00896,-0.10968
0.91880,0.79325
-0.64033,-0.26499
0.67087,0.71077
0.37593,-0.06774
0.70056,0.60151
0.01804,-0.31825
0.38224,-0.16268
-0.65625,0.55436
-0.24051,-0.94869
-0.80986,0.53315
-0.55955,-0.37265
0.23398,-0.50491
0.30017,-0.18523
-0.23571,-0.50824
-0.57541,0.50775
0.23233,0.11509
-0.98044,-0.88252
-0.96784,0.49659
-0.38306,-0.92455
0.58022,-0.33209
0.69475,0.67079
-0.06150,0.09154
-0.43117,-0.25370
-0.73512,0.48150
0.28298,-0.00955
-0.85704,-0.27820
-0.40792,-0.74870
-0.20347,-0.79394
0.59879,-0.16856
0.26101,-0.68978
0.75836,-0.06723
0.23085,-0.63170
-0.04413,0.58636
0.84969,0.02852
-0.75962,-0.75068
0.38072,-0.13837
-0.47176,0.17277
-0.58454,-0.10331
-0.99109,0.43582
-0.24317,0.31481
0.61211,0.65813
0.73972,-0.24869
-0.20405,-0.31531
-0.24877,-0.95543
0.57930,0.36818
0.91922,0.25074
0.78698,0.15650
0.01175,0.00289
-0.28361,-0.21085
0.19700,0.64976
-0.52180,0.06712
0.44552,-0.88356
0.31515,0.82503
0.82237,-0.45072
-0.57435,0.26818
-0.05132,-0.22443
0.84597,0.31954
0.26646,-0.14526
-0.70724,-0.29702
-0.96109,-0.07373
-0.25757,0.06964
0.27669,-0.48026
-0.53214,-0.53932
0.82708,0.68440
0.52077,0.40746
0.67232,0.13203
-0.29958,-0.63283
0.64610,0.78680
0.52621,-0.80162
-0.03626,-0.22369
0.52764,0.74686
0.65770,-0.45456
0.61780,0.14341
0.97873,0.43993
0.07616,0.99013
0.83036,0.04084
-0.82410,-0.47297
-0.37679,0.42923
0.41205,0.04955
0.03014,-0.36667
0.53157,-0.25211
0.28818,-0.07181
0.10370,-0.40153
-0.68888,0.61958
-0.80106,0.80588
-0.42582,-0.88228
0.94953,-0.73468
0.80690,0.36072
-0.89617,0.56320
-0.58796,-0.52035
-0.00970,-0.39074
0.34346,0.14607
0.25732,0.67212
0.62470,0.46805
-0.15733,-0.54090
-0.18451,0.43580
0.48802,0.98918
-0.95600,0.44545
0.67598,0.50703
-0.41668,-0.32852
-0.59382,-0.32104
0.84743,0.79238
-0.42431,0.14976
0.93642,0.00018
-0.97512,-0.92779
0.15194,0.16307
-0.16394,-0.08429
-0.31543,-0.60994
-0.27905,-0.16423
0.32758,0.89947
0.39685,-0.66923
-0.95725,0.91970
0.42690,-0.11165
-0.56216,0.65923
-0.65808,-0.67679
0.68232,0.25311
-0.61696,-0.65093
0.95915,-0.01527
0.03712,-0.69269
-0.58875,-0.92768
0.65010,-0.28672
-0.21319,0.45022
0.90316,-0.53252
-0.89210,0.16077
-0.57257,-0.30100
0.17437,0.64831
-0.72862,0.97042
-0.32563,-0.19707
-0.79951,0.36566
-0.41568,-0.30794
-0.13178,0.93294
0.49221,-0.01303
-0.25867,0.13370
-0.94424,-0.69576
0.09072,0.14070
-0.00874,-0.65914
-0.27707,0.72951
0.80600,0.32909
0.74564,0.26956
0.75832,-0.77665
0.83957,-0.40507
-0.98964,0.87381
-0.12913,0.58410
-0.15684,0.72874
0.78926,-0.45327
-0.31356,0.09698
-0.77990,0.35347
-0.87446,0.49911
-0.70772,-0.22105
-0.32600,-0.92354
0.61563,-0.50203
0.13932,-0.11457
0.62186,0.38603
0.79499,-0.92160
0.49576,-0.57512
0.28014,0.16165
0.77496,-0.50711
-0.08171,-0.84857
0.71914,0.32591
-0.87922,-0.88457
0.96586,0.14865
0.12561,-0.19867
0.29075,-0.77630
-0.31427,0.30833
-0.14142,-0.63152
0.04863,-0.39449
-0.21226,0.85163
-0.96481,0.41930
-0.82735,-0.36497
-0.23569,-0.74298
0.01339,-0.40634
0.50813,-0.39789
-0.29425,0.96993
0.71449,-0.96781
0.55241,0.22198
0.28952,-0.16732
-0.95762,0.88896
0.40013,-0.64301
-0.13274,-0.72534
-0.02563,0.54907
0.11032,-0.12492
-0.91934,-0.22112
-0.35938,0.81086
-0.91244,0.98760
-0.08821,0.09594
-0.11620,-0.52372
-0.48217,-0.20877
-0.80363,0.98358
0.88381,0.91485
-0.37840,-0.06386
0.19083,0.71732
0.63880,0.14575
0.35046,0.39577
0.19088,0.24191
-0.90063,0.62143
0.92534,-0.10448
0.16149,0.24662
0.18224,-0.23026
-0.00635,-0.39222
0.89063,-0.53107
-0.91772,-0.44240
0.63741,-0.43643
0.71385,-0.05257
0.52329,0.43717
-0.43390,-0.87345
-0.96789,-0.37313
0.12670,-0.60863
-0.57233,0.25677
-0.84397,-0.86660
0.30000,-0.76376
0.91135,0.91239
-0.43375,-0.54142
-0.43557,0.52133
-0.08003,-0.18386
-0.63649,-0.71254
0.96055,-0.64954
-0.54203,0.08040
-0.98328,0.90531
0.70041,-0.07256
0.22199,-0.81037
0.46113,-0.08149
-0.88751,0.90611
-0.39745,0.78134
0.64138,-0.14217
0.60623,-0.05876
0.96095,0.00013
-0.86051,0.13958
0.42136,0.54498
-0.94502,-0.66802
0.06585,0.22909
0.45045,-0.05308
0.25603,-0.02931
0.38449,0.84058
0.28634,-0.66070
0.10550,-0.19190
0.47933,0.90637
-0.44314,-0.31169
-0.94675,0.76804
0.87186,0.75660
0.05732,0.26880
-0.85124,0.36962
-0.73877,-0.03810
-0.89287,0.80276
0.77441,0.14577
0.40065,0.47551
0.66208,-0.05015
-0.42855,-0.74270
0.38479,0.66989
0.28376,0.06996
-0.48956,0.67033
-0.09908,-0.52078
-0.63351,-0.84218
0.01383,-0.57275
-0.18830,0.93733
-0.31549,-0.67434
0.72949,-0.58630
-0.35847,-0.22248
-0.55378,0.01438
0.78558,-0.40864
-0.40277,-0.54554
-0.07477,-0.45567
0.29012,-0.30082
0.87269,0.68987
0.32506,-0.07107
0.59897,-0.78559
-0.10457,-0.02609
-0.68505,0.06706
-0.58103,0.90081
-0.60382,-0.63846
0.69921,0.19251
-0.61887,-0.44223
0.94340,0.58583
0.06583,0.51746
0.36755,-0.03621
0.38928,-0.74032
0.97631,0.20754
-0.58669,-0.44077
-0.37651,-0.21930
0.45478,-0.66947
-0.20881,-0.11823
-0.25847,0.34167
0.77803,0.34956
0.75231,0.09570
-0.35909,0.36857
-0.63716,0.04636
-0.89903,0.95490
-0.48612,0.14561
0.05796,-0.79206
-0.07309,-0.84913
-0.00800,-0.50966
-0.71762,0.43238
0.42628,-0.18758
-0.58731,0.87890
0.09489,0.43373
0.32228,-0.02413
0.16700,-0.83844
-0.30424,-0.64466
-0.22075,0.90943
0.51591,-0.77115
-0.70168,-0.44184
0.94657,0.66524
-0.58560,0.80378
0.79684,-0.10603
-0.88505,0.95135
0.97346,-0.66398
-0.71789,-0.72141
-0.91686,-0.10573
0.75201,0.81428
0.14988,0.54532
-0.07588,-0.39788
-0.89604,-0.89734
-0.28889,-0.61991
0.72382,0.73143
0.35629,-0.95191
0.33223,0.49328
-0.50552,0.20144
0.22878,-0.62112
-0.50250,0.33823
0.37533,0.62733
-0.46963,0.76964
-0.79308,-0.76882
-0.11240,-0.33684
-0.65860,0.59818
-0.29794,-0.14768
0.01050,-0.95387
-0.84689,-0.17518
0.60597,-0.80948
-0.70269,0.56124
0.13509,0.07777
-0.67651,0.49441
0.46233,0.94132
-0.87600,-0.68650
-0.84014,-0.57272
0.78271,-0.28564
0.17268,-0.48179
-0.18729,0.19317
0.23041,0.96435
0.76656,-0.99337
0.76328,0.20400
-0.15412,0.26249
0.38000,-0.96445
-0.39880,0.32085
-0.16689,0.47004
0.59149,0.95916
-0.22500,0.40782
0.81847,-0.08923
0.60026,0.17084
0.44306,0.25021
0.16850,-0.31382
0.32181,-0.08099
-0.82877,-0.98256
0.92747,-0.57330
0.09980,0.51035
0.70383,-0.59979
0.50112,0.98803
-0.04526,-0.99518
0.57642,0.18086
0.25114,-0.41356
0.62833,0.86517
-0.97841,-0.56203
0.63112,0.32598
0.60836,-0.87625
0.66206,-0.50027
-0.28791,-0.88715
0.63195,0.66659
0.46838,0.97009
0.44856,0.89140
-0.63197,-0.65285
0.27237,-0.56065
0.16354,-0.78007
0.07479,0.99528
0.39980,0.40771
0.03423,0.39654
0.54477,-0.60016
0.76008,-0.02576
0.77976,-0.63894
0.22096,0.89221
-0.06845,-0.82120
-0.43569,-0.48880
-0.57899,-0.99963
-0.38204,0.89358
0.35988,-0.99906
-0.82377,-0.01650
0.30417,-0.91487
-0.09720,0.64779
0.03420,0.21584
-0.00656,0.34646
-0.35239,0.43774
0.70601,0.56231
0.37736,-0.70263
-0.50772,0.64866
0.71929,-0.37154
0.55782,-0.79792
0.90700,-0.96350
-0.99117,0.89523
0.59852,-0.74682
-0.54371,0.04882
-0.45721,0.46087
-0.15244,-0.90504
-0.35350,-0.46694
0.97846,0.64461
-0.71919,-0.34004
0.01480,-0.21682
0.78546,0.81725
-0.57771,0.14512
-0.49603,0.73244
0.90837,-0.49936
-0.48063,-0.23467
0.96382,0.84816
-0.39802,0.98463
-0.24378,0.95901
0.77493,0.55305
0.70899,0.51065
-0.54787,0.45705
0.04873,0.54210
0.15625,0.50782
0.82614,0.33762
-0.65753,-0.83486
-0.66487,-0.85049
0.32505,0.65855
0.34670,0.89706
0.96208,0.06382
-0.65244,0.82114
0.48241,0.43214
-0.79845,-0.44534
-0.02686,-0.66181
0.94021,-0.38898
-0.21528,-0.44557
-0.90226,0.40144
-0.77585,0.57652
-0.70316,-0.14788
-0.71927,-0.76445
0.59850,-0.62665
-0.13674,0.14132
0.97969,0.62547
-0.56948,-0.29742
0.80749,-0.19062
-0.34858,-0.94965
0.66632,-0.21218
-0.37817,-0.02474
0.66414,0.83633
-0.95308,-0.03488
-0.58067,0.69159
0.94422,-0.91199
0.69287,-0.22501
-0.33043,-0.95049
-0.90736,0.11389
0.16232,-0.83701
0.47758,-0.65784
-0.96277,0.58671
0.24659,0.01370
0.06389,-0.91463
-0.25622,0.26021
-0.06914,0.97296
0.15350,0.78130
0.49402,-0.23621
0.83004,-0.73261
-0.01526,0.92705
-0.08769,-0.41507
-0.69660,-0.70455
-0.28932,-0.75458
0.04521,-0.22490
0.74865,0.96770
-0.67643,0.70702
-0.78032,-0.35369
0.51534,0.43901
0.19054,-0.72453
0.57723,-0.42484
-0.13511,0.22750
-0.30127,0.93946
0.86184,0.10791
0.04887,0.81227
0.43451,0.45113
0.88595,-0.94194
-0.55855,-0.22765
0.85757,0.65438
-0.20125,0.75742
0.87603,-0.05757
0.85097,0.56300
0.79349,-0.65903
0.91459,-0.54116
-0.96410,0.80483
0.66867,-0.62326
-0.87157,-0.46655
0.33611,0.81455
-0.99822,-0.70468
0.79542,-0.63543
-0.25910,0.44421
-0.81744,-0.10228
-0.89516,0.56870
0.90090,0.19408
0.02602,0.18301
0.38627,-0.54578
-0.61226,0.59866
-0.79605,0.61319
0.14395,-0.47073
-0.03971,-0.96379
-0.67703,0.14997
-0.83685,0.40280
-0.64426,-0.42535
-0.08264,-0.60631
0.02202,-0.96433
0.08677,0.83510
0.94919,0.24957
-0.60205,0.01816
-0.41382,0.96409
0.66883,-0.35083
0.26617,0.22860
0.07432,0.99438
0.28651,-0.21835
0.63021,0.44704
-0.87914,-0.52088
-0.43487,-0.01354
-0.58113,0.07782
0.27051,0.84309
-0.09973,0.17009
-0.81257,0.53589
-0.33837,0.02326
0.15336,-0.77435
-0.13586,0.02344
0.28267,0.90377
0.53828,-0.78318
-0.03068,0.39562
0.34885,0.11108
0.18224,0.67228
-0.27855,0.86461
-0.73931,0.34328
-0.01107,-0.38051
-0.96885,-0.79201
0.21105,0.91005
-0.17557,-0.23519
0.94251,-0.32526
-0.34932,-0.79602
0.84117,-0.85413
-0.90924,0.88570
-0.45315,-0.23377
-0.10854,-0.74553
0.11042,-0.61523
-0.63612,-0.53889
-0.95626,0.72264
0.96249,-0.60208
-0.06853,-0.34833
0.92610,-0.53626
-0.79286,0.45788
-0.42739,0.04699
-0.76189,-0.69867
0.14988,-0.11747
0.93855,-0.87242
0.36087,-0.59724
0.63711,-0.30310
0.89570,-0.65497
-0.97216,-0.17667
-0.15912,0.69820
0.70861,0.90823
-0.33340,0.51132
0.52307,-0.77338
-0.85974,-0.74187
-0.91423,0.03319
0.39084,-0.69096
-0.22155,-0.43266
0.03453,-0.37380
-0.43333,0.73138
-0.70156,0.26910
0.99274,-0.52525
-0.50131,0.65975
-0.28682,-0.51375
0.41370,-0.68219
0.80307,0.59611
0.56781,-0.59522
0.09755,0.80174
-0.47018,-0.17535
-0.27121,-0.54858
0.65534,-0.99559
0.52632,0.53174
0.71681,0.90242
-0.52829,-0.26298
-0.11159,-0.50212
-0.96369,-0.09229
-0.34256,0.73346
-0.84361,-0.73832
-0.54477,-0.71187
-0.24291,0.19924
-0.17430,0.47578
-0.41300,0.52234
-0.64930,0.11650
-0.65982,-0.74171
-0.39786,0.03791
-0.83902,0.38028
0.90952,-0.57650
-0.07150,0.12117
-0.49126,-0.11671
-0.92288,0.61600
-0.83200,0.60552
-0.47299,0.61819
0.95046,-0.92834
-0.84537,-0.08298
0.08989,-0.44419
-0.32833,-0.34955
0.97230,-0.28978
0.35849,0.65558
0.74832,0.40323
-0.23696,0.18582
-0.29384,0.45458
-0.91320,0.57762
0.50721,0.78396
0.86873,-0.33157
-0.80419,0.16681
0.35731,0.76420
0.03201,0.76273
-0.76056,0.87681
0.78438,0.61996
0.98944,-0.81921
0.62934,-0.03510
-0.55520,0.54839
0.91447,0.67637
0.18901,0.78235
0.54010,0.85489
-0.31777,-0.13549
0.84963,-0.42280
0.93484,-0.07619
0.27306,0.50494
-0.56782,-0.01637
0.92450,0.04877
-0.01317,-0.68176
0.19671,0.32156
-0.06987,-0.92321
-0.52876,0.52253
0.39013,0.85842
-0.34336,0.74175
0.83799,-0.66895
-0.94083,0.49404
0.73130,-0.16153
-0.19794,0.76771
0.45445,0.53444
0.53605,-0.41089
-0.93819,0.95155
-0.89196,0.02463
-0.76320,-0.07952
-0.58184,0.03602
0.62971,-0.04832
0.42789,-0.04892
0.85639,-0.03584
0.65002,-0.50687
0.14296,-0.83630
0.47623,0.56967
0.44399,0.99204
0.93996,0.40006
-0.33655,0.78337
-0.83443,0.81009
0.20015,-0.95390
0.76227,0.35902
0.87794,-0.77187
-0.77148,0.01728
0.16947,-0.96789
-0.70278,-0.95931
0.12585,-0.85783
-0.64783,-0.08101
0.66306,-0.81174
0.68975,0.97579
-0.17735,0.60207
-0.81587,0.35416
-0.96210,0.72271
-0.08336,-0.52816
-0.28974,0.36602
-0.68481,0.24776
0.80048,-0.20309
0.42588,0.04777
-0.39372,-0.19554
-0.49626,0.17733
0.02415,-0.72459
-0.71201,-0.58260
-0.35838,0.27705
0.31487,-0.49845
0.09607,0.49759
-0.16180,0.43092
-0.35243,-0.44399
-0.63042,-0.54636
-0.70307,-0.77191
-0.93327,-0.18543
-0.40462,-0.02490
-0.22338,0.13933
0.69532,0.03987
0.75587,0.48915
0.03154,0.63064
0.28919,-0.45516
0.46103,0.91790
-0.46034,-0.20985
-0.67896,-0.65987
0.10274,0.57093
0.46089,-0.89166
0.33131,-0.29463
-0.97080,-0.25087
-0.35195,0.86843
0.33164,-0.46609
-0.98488,-0.88204
0.27655,0.81844
-0.61749,0.57572
-0.40147,-0.89465
0.63188,0.75339
0.91484,-0.11564
0.22822,-0.50651
0.50342,-0.88535
0.09058,-0.97093
-0.41502,0.95807
0.03530,-0.36775
-0.33555,0.48210
-0.84794,-0.25558
-0.01347,-0.04838
-0.67415,-0.93590
-0.16504,-0.69853
-0.95355,0.08902
-0.19120,-0.76502
0.63387,-0.00287
0.07808,0.99648
-0.42412,-0.91562
-0.61188,0.89198
0.00402,0.13173
0.26729,-0.44182
0.41477,-0.44205
-0.62753,0.45295
-0.23734,0.23839
-0.63922,0.94327
0.60701,0.36408
-0.25176,0.68863
-0.84217,-0.63086
0.34598,0.09691
-0.50184,0.72868
0.71036,0.68523
-0.28020,-0.20393
0.78728,0.87708
-0.92800,0.04349
-0.60932,-0.95191
-0.21730,-0.02758
0.40401,-0.42962
0.35332,0.34709
0.62823,0.69494
0.65053,0.64525
0.46395,0.53489
-0.49121,-0.13782
0.93058,-0.02252
-0.85987,0.25395
-0.60407,0.10976
-0.74507,-0.81265
-0.61369,0.60578
0.76174,0.63043
-0.48436,-0.40055
0.61984,-0.03633
0.95904,0.58499
-0.23923,-0.02431
0.72402,-0.81722
0.15534,0.17218
0.09808,-0.32213
0.41874,0.12591
0.54690,0.01888
0.30039,0.96914
0.65267,-0.32125
0.36712,-0.46461
0.02084,-0.59806
-0.96658,-0.70034
-0.15201,0.51152
-0.46203,0.96904
-0.07238,0.52360
0.33099,-0.98614
0.80486,-0.35479
-0.75733,-0.07019
-0.78736,0.04335
-0.92970,-0.71103
0.14315,-0.75171
-0.38103,-0.99048
0.49155,0.58021
-0.66734,-0.85595
-0.98544,0.15312
0.08389,0.39746
-0.71488,0.81789
-0.54036,-0.56162
-0.99236,-0.65740
-0.67134,0.34137
-0.03072,0.50192
-0.06921,0.11703
0.99744,0.66710
0.46428,0.18505
-0.53142,0.71029
-0.63704,0.61517
-0.70404,0.67515
-0.14294,-0.25718
-0.93328,-0.78190
0.08347,0.90705
-0.66663,0.03722
-0.34026,0.15113
-0.18609,0.90329
0.16090,-0.63976
0.80020,-0.69204
0.31907,-0.14593
0.56446,0.53627
-0.86029,0.16995
-0.72216,-0.37541
-0.92084,0.65200
-0.17679,0.34007
-0.34820,-0.11678
-0.65146,0.66352
-0.29705,0.58373
0.64007,0.63047
0.08792,0.45768
0.27028,0.08935
0.49853,0.98426
-0.44453,0.14311
0.81557,0.66413
0.87587,-0.67624
0.89278,-0.49216
-0.21032,-0.51881
-0.10365,0.94257
0.06956,0.90293
0.69972,-0.38783
-0.99620,-0.44513
0.91660,-0.76476
0.92175,0.81658
0.94830,0.94150
-0.99196,-0.63963
-0.64248,0.33902
0.74263,-0.50518
0.56697,-0.15391
-0.22816,0.23214
-0.51549,-0.90607
0.70934,0.75305
-0.83737,-0.37860
-0.14925,-0.81379
-0.62326,0.64273
-0.15032,0.81631
-0.52754,-0.34229
0.77864,-0.78984
0.71550,0.71491
0.02572,0.24784
0.11843,0.91865
-0.93205,-0.85860
0.71617,0.44774
-0.85366,0.04529
-0.07613,0.84553
-0.02330,-0.23448
-0.82331,0.97046
0.37811,-0.41708
0.96592,0.18928
-0.70501,-0.04389
-0.39532,0.28291
0.38532,-0.65596
0.61661,0.57656
-0.67892,-0.09768
0.20497,-0.66793
-0.61293,0.07069
-0.53065,0.39154
0.01866,-0.55919
-0.99524,-0.82876
-0.16184,0.71914
0.60171,-0.51455
0.91846,0.72087
0.63920,0.74541
0.14292,-0.93691
-0.54290,-0.77117
-0.63392,0.20923
0.98703,0.99397
0.69369,-0.83933
0.85829,-0.31932
-0.54420,0.96041
-0.41784,-0.52003
0.38069,0.55366
-0.27824,-0.12189
0.84592,-0.67695
-0.99387,-0.49393
0.51094,-0.90251
0.49558,0.47566
-0.57312,-0.28417
-0.28314,-0.75974
0.32589,0.53041
0.57868,0.32764
-0.79022,0.87903
-0.68783,-0.89269
-0.60614,-0.11851
0.57066,-0.01469
0.82761,0.71474
0.95522,0.78996
0.86238,0.72420
-0.96069,-0.14386
-0.97668,-0.05053
-0.00803,0.34322
-0.16431,0.76510
-0.06478,0.47890
-0.80347,-0.51227
-0.00372,0.18683
-0.69293,-0.00562
-0.77820,-0.25335
-0.08305,-0.22678
-0.15069,0.86112
0.81203,0.13666
0.27670,0.66443
0.61302,-0.92377
-0.45132,-0.37884
-0.54034,0.20760
0.57358,0.36638
-0.88552,-0.00878
0.74236,0.51065
-0.50314,0.10022
-0.72175,-0.38843
-0.69523,0.23934
-0.72917,0.95291
-0.79711,0.02131
-0.53322,0.57887
-0.26077,-0.68402
0.73861,0.94921
0.22435,0.91694
0.42409,-0.11031
0.68033,-0.19501
0.47953,-0.16198
0.77280,-0.33000
0.13770,-0.52296
-0.24681,0.35357
0.54445,0.44459
-0.74582,0.55875
0.83192,0.59067
-0.13568,0.64129
0.44046,-0.30987
0.82319,0.73440
0.40637,0.95419
0.22640,-0.37440
-0.13615,0.89128
0.95964,0.74902
-0.49030,-0.39597
0.21954,0.21867
0.60741,0.77765
-0.46814,-0.28510
0.50701,-0.55296
0.94251,0.07087
-0.91008,-0.67714
-0.92492,-0.25972
-0.91448,-0.66332
0.67493,-0.78136
-0.75139,0.31743
-0.66582,-0.03197
0.99760,-0.19322
-0.00326,0.92398
-0.03360,-0.47578
0.83970,0.65573
0.44246,-0.89072
0.44382,-0.56692
-0.43275,0.83303
-0.40563,0.45052
0.38513,0.46017
-0.17884,-0.63095
0.17691,0.42726
0.40715,-0.54716
-0.51308,0.67696
-0.57132,-0.64854
-0.97504,-0.68761
-0.64841,-0.42954
-0.46706,0.64384
-0.46288,0.17706
-0.81617,0.25790
0.91147,-0.69879
0.12866,-0.56689
-0.69636,0.93593
-0.08528,0.47992
0.29288,0.33554
-0.15292,-0.71123
0.13783,-0.27572
-0.85757,-0.41010
-0.73760,0.08284
0.38274,-0.81005
0.67242,0.07889
0.62604,0.77429
-0.61525,-0.85086
-0.81938,0.14119
-0.41803,-0.57045
0.93244,0.32551
0.85093,0.45874
-0.65188,0.85422
0.53205,0.85891
0.78104,0.14428
0.11869,0.21737
0.77962,-0.09414
-0.56573,0.21469
-0.94800,-0.57478
-0.35569,-0.50251
-0.02915,0.33793
-0.48841,-0.01517
-0.28238,-0.02746
-0.99318,0.03722
-0.06739,0.92398
-0.40708,-0.96892
-0.08263,-0.79976
0.11007,0.77983
-0.35823,0.95816
0.11091,-0.91831
-0.62620,0.42975
0.88517,0.15881
-0.52812,0.97477
0.22182,-0.89440
0.91475,-0.47087
0.62431,0.27723
0.10923,-0.35070
-0.80426,0.98443
0.74382,-0.97721
-0.17222,-0.29122
0.46779,0.66745
0.52828,0.34366
0.25277,-0.46869
-0.89882,-0.48651
0.30860,-0.71397
-0.85178,-0.97932
-0.02156,0.79456
0.18538,-0.99863
-0.97614,-0.09894
-0.70595,0.10465
0.08643,0.51514
0.45992,0.75506
0.72165,-0.62157
-0.78997,0.97860
0.70824,0.21075
-0.42337,0.51548
0.13095,-0.08886
0.97580,-0.10097
-0.87736,0.05211
-0.85155,0.69417
0.26586,-0.82969
-0.51621,-0.63573
0.61737,0.56448
0.04926,0.80458
-0.49226,0.81844
0.13185,-0.32515
-0.87250,0.06935
-0.99638,0.86211
-0.36818,-0.76536
0.92335,-0.72760
-0.16172,-0.94438
0.58915,-0.55552
-0.65984,0.08847
-0.57416,0.40680
0.72919,0.66347
-0.75923,0.82461
-0.68650,-0.93861
-0.66219,-0.41190
-0.00455,-0.66215
-0.05328,0.27307
0.72210,0.85750
-0.83287,-0.63749
0.33066,0.95239
-0.43118,-0.86085
-0.72577,0.47562
0.02037,0.47546
-0.51668,0.95504
-0.24618,-0.54882
-0.87937,-0.72382
0.17595,0.98877
-0.05066,-0.87259
-0.45112,-0.46501
0.01940,0.57990
-0.50722,0.44929
-0.98231,-0.57321
0.76822,0.62701
0.68652,-0.18587
-0.50609,0.29091
-0.50191,0.62666
0.61388,0.03503
-0.08829,0.86268
0.93401,0.35704
-0.54283,0.15327
-0.78215,0.55627
-0.14351,0.63972
-0.67655,0.78373
0.67882,0.23508
-0.45432,-0.38801
-0.14505,0.64887
0.90536,-0.65924
0.41754,0.35662
0.81049,0.29489
0.19480,0.96576
0.69758,0.24842
0.84504,-0.89350
-0.35890,0.72440
-0.70684,-0.84138
-0.60792,0.41044
-0.49850,0.31479
-0.06807,-0.11421
-0.98711,0.00850
0.52648,-0.16003
0.51667,-0.32384
-0.06021,0.86803
-0.54511,-0.81603
-0.85434,0.26197
0.30338,-0.51532
0.62636,0.36542
-0.23774,-0.40945
-0.21750,0.09876
0.34233,0.67098
0.77515,0.70244
0.15608,0.42341
0.22814,-0.17828
0.28255,0.79755
-0.73026,0.75691
0.45322,-0.74631
-0.27973,0.48270
0.72119,-0.40216
-0.97061,0.90746
-0.29482,-0.26673
-0.72414,-0.60885
-0.59074,0.55377
-0.90718,-0.44697
0.07404,-0.34794
0.18689,0.32373
0.52506,0.46222
0.41956,-0.25238
0.91008,0.21707
-0.80090,-0.15602
0.92975,-0.04875
0.74924,0.07441
-0.87803,0.67716
0.62802,-0.62516
0.59786,0.36352
0.43038,-0.24629
-0.65465,-0.55373
0.69534,-0.63716
-0.14397,-0.75452
0.83077,0.76788
-0.02219,0.07133
-0.39350,-0.81915
-0.48110,-0.69457
-0.46623,-0.66212
0.58349,-0.07625
0.48839,0.79701
-0.32670,-0.19145
0.53111,-0.42868
0.09667,-0.47958
0.67370,0.01277
-0.24325,-0.25708
-0.81070,0.76554
0.71472,-0.42026
0.78800,0.80606
0.35726,-0.14060
-0.84201,-0.63303
0.68743,-0.61324
0.39292,-0.68342
0.48664,0.14715
0.89621,-0.69565
-0.94645,0.42149
0.47450,-0.94956
0.09004,0.52741
-0.89669,-0.57216
0.33165,-0.31667
-0.98568,0.29941
0.61946,-0.08617
0.33288,0.89408
-0.77959,0.78097
0.22837,-0.92501
0.33976,-0.90559
-0.02234,0.44867
0.81396,-0.27945
0.34464,-0.09159
0.04331,-0.93151
-0.44774,-0.36601
-0.81051,0.26028
-0.64579,0.14350
-0.18001,0.15409
-0.23434,-0.60006
-0.01296,0.06385
0.14937,0.92322
-0.92143,0.73286
0.95587,0.62848
0.70834,-0.94518
0.24583,0.17476
0.97923,-0.70795
-0.79611,0.17791
-0.61870,-0.13604
-0.65038,0.39954
-0.11407,-0.04149
-0.60197,0.41137
0.90280,-0.02951
0.33164,0.54770
-0.37058,0.31994
0.56723,0.06411
0.85536,0.40399
-0.61863,0.09674
-0.36496,0.81651
0.80654,-0.89535
-0.67838,-0.03978
-0.77755,-0.92011
0.99464,-0.41096
0.39693,0.21542
0.19607,0.71768
-0.22839,-0.48700
-0.49319,-0.98403
0.37439,0.66546
0.83140,0.47300
-0.65283,0.29896
0.63593,0.04000
0.06967,0.17208
0.80878,0.98954
-0.39625,0.58230
0.45417,0.28703
0.51299,0.46614
0.82919,0.66756
0.26055,-0.52267
0.55936,0.25155
-0.86528,0.76532
-0.59036,0.50430
-0.79964,0.96598
-0.41034,0.80468
0.01965,0.90406
-0.10121,0.76074
-0.92246,0.96811
-0.16304,-0.94871
-0.28263,0.57105
0.87582,-0.20149
0.27940,0.06073
0.47401,0.81763
0.86808,0.08989
0.81860,-0.91942
0.16054,0.29229
-0.20319,-0.34920
0.08796,-0.90242
0.18014,0.42450
0.85004,0.38877
-0.38847,0.17537
-0.48141,-0.79985
0.66336,0.32445
0.92652,0.82246
0.84855,0.93649
-0.22237,0.16114
0.82242,0.10636
-0.99394,0.99195
-0.02253,0.36547
0.93176,-0.94555
-0.80570,-0.46430
0.85147,0.93141
-0.47958,-0.62240
0.95201,0.40539
-0.43363,-0.73972
0.25716,0.64508
-0.52389,0.79019
0.50624,0.75892
0.25210,-0.46913
-0.65382,0.48125
-0.46657,-0.62479
0.76005,-0.15089
0.46876,0.39105
-0.59496,-0.28014
0.17786,-0.17736
0.59896,-0.66130
0.68573,-0.61938
0.75866,-0.95655
0.48826,0.31827
-0.02592,-0.93000
-0.08059,-0.88655
